timestamp,principal,action,resource,purpose,request_id
2025-01-01T01:23:31.879326,doc_10,read_phi,phi_rec_117,diagnosis,evt_benign_402
2025-01-01T06:36:36.240893,doc_17,read_phi,phi_rec_40,diagnosis,evt_benign_40
2025-01-01T08:48:57.957189,doc_19,read_phi,phi_rec_45,diagnosis,evt_benign_186
2025-01-01T10:39:39.027604,doc_8,read_phi,phi_rec_107,diagnosis,evt_benign_583
2025-01-01T13:38:10.155612,doc_4,read_phi,phi_rec_15,diagnosis,evt_benign_225
2025-01-01T17:59:20.047939,doc_18,read_phi,phi_rec_133,diagnosis,evt_benign_906
2025-01-01T22:24:37.428646,doc_3,read_phi,phi_rec_189,diagnosis,evt_benign_723
2025-01-02T13:09:11.722284,doc_3,read_phi,phi_rec_23,diagnosis,evt_benign_663
2025-01-02T17:33:19.933154,doc_1,read_phi,phi_rec_2,diagnosis,evt_benign_512
2025-01-02T20:58:48.505213,doc_18,read_phi,phi_rec_106,diagnosis,evt_benign_586
2025-01-02T21:24:36.773409,doc_0,read_phi,phi_rec_149,diagnosis,evt_benign_310
2025-01-03T03:27:38.601259,doc_4,read_phi,phi_rec_55,diagnosis,evt_benign_266
2025-01-03T09:37:59.418315,doc_19,read_phi,phi_rec_20,diagnosis,evt_benign_502
2025-01-03T10:28:36.421256,doc_6,read_phi,phi_rec_139,diagnosis,evt_benign_656
2025-01-03T23:55:54.005192,doc_18,read_phi,phi_rec_10,diagnosis,evt_benign_169
2025-01-04T01:05:01.412935,doc_9,read_phi,phi_rec_22,diagnosis,evt_benign_847
2025-01-04T09:13:01.897495,doc_12,read_phi,phi_rec_0,diagnosis,evt_benign_35
2025-01-04T16:24:33.298506,doc_12,read_phi,phi_rec_98,diagnosis,evt_benign_374
2025-01-05T11:26:02.077885,doc_10,read_phi,phi_rec_49,diagnosis,evt_benign_248
2025-01-05T22:51:32.420851,doc_2,read_phi,phi_rec_92,diagnosis,evt_benign_544
2025-01-06T05:08:44.062805,doc_11,read_phi,phi_rec_29,diagnosis,evt_benign_125
2025-01-06T07:06:18.660234,doc_9,read_phi,phi_rec_64,diagnosis,evt_benign_916
2025-01-06T07:10:26.500097,doc_0,read_phi,phi_rec_41,diagnosis,evt_benign_877
2025-01-06T11:46:27.903603,doc_3,read_phi,phi_rec_174,diagnosis,evt_benign_132
2025-01-06T22:04:55.546728,doc_12,read_phi,phi_rec_0,diagnosis,evt_benign_879
2025-01-06T22:34:32.460595,doc_4,read_phi,phi_rec_93,diagnosis,evt_benign_514
2025-01-07T02:15:23.481790,doc_10,read_phi,phi_rec_186,diagnosis,evt_benign_823
2025-01-07T03:45:45.673075,doc_18,read_phi,phi_rec_196,diagnosis,evt_benign_653
2025-01-07T10:24:51.337174,doc_11,read_phi,phi_rec_29,diagnosis,evt_benign_117
2025-01-07T22:44:51.396203,doc_7,read_phi,phi_rec_119,diagnosis,evt_benign_739
2025-01-08T01:55:10.217519,doc_5,read_phi,phi_rec_184,diagnosis,evt_benign_500
2025-01-08T06:17:47.085541,doc_3,read_phi,phi_rec_114,diagnosis,evt_benign_493
2025-01-08T09:34:25.294749,doc_1,read_phi,phi_rec_39,diagnosis,evt_benign_490
2025-01-08T19:46:48.843735,doc_5,read_phi,phi_rec_86,diagnosis,evt_benign_432
2025-01-09T13:02:54.188005,doc_3,read_phi,phi_rec_23,diagnosis,evt_benign_613
2025-01-09T13:08:54.336087,doc_12,read_phi,phi_rec_0,diagnosis,evt_benign_360
2025-01-09T15:50:28.653217,doc_11,read_phi,phi_rec_166,diagnosis,evt_benign_418
2025-01-09T18:29:29.563962,doc_19,read_phi,phi_rec_88,diagnosis,evt_benign_124
2025-01-10T05:27:25.250242,doc_8,read_phi,phi_rec_188,diagnosis,evt_benign_863
2025-01-10T11:36:36.557585,doc_12,read_phi,phi_rec_175,diagnosis,evt_benign_773
2025-01-10T11:45:59.190400,doc_1,read_phi,phi_rec_155,diagnosis,evt_benign_141
2025-01-10T11:58:52.165641,doc_2,read_phi,phi_rec_77,diagnosis,evt_benign_371
2025-01-10T18:31:28.456503,doc_2,read_phi,phi_rec_96,diagnosis,evt_benign_602
2025-01-10T19:00:56.311632,doc_18,read_phi,phi_rec_104,diagnosis,evt_benign_373
2025-01-10T19:11:46.949776,doc_2,read_phi,phi_rec_91,diagnosis,evt_benign_249
2025-01-10T22:10:21.919079,doc_19,read_phi,phi_rec_173,diagnosis,evt_benign_664
2025-01-10T22:19:04.295798,doc_2,read_phi,phi_rec_92,diagnosis,evt_benign_273
2025-01-11T02:34:31.606343,doc_18,read_phi,phi_rec_116,diagnosis,evt_benign_902
2025-01-11T02:57:15.166437,doc_15,read_phi,phi_rec_115,diagnosis,evt_benign_255
2025-01-11T03:30:52.772110,doc_3,read_phi,phi_rec_129,diagnosis,evt_benign_333
2025-01-11T13:22:52.158050,doc_6,read_phi,phi_rec_139,diagnosis,evt_benign_721
2025-01-11T16:32:06.024871,doc_15,read_phi,phi_rec_35,diagnosis,evt_benign_740
2025-01-11T17:24:17.212637,doc_1,read_phi,phi_rec_128,diagnosis,evt_benign_753
2025-01-11T18:12:10.789109,doc_4,read_phi,phi_rec_55,diagnosis,evt_benign_466
2025-01-11T20:04:02.583488,doc_18,read_phi,phi_rec_74,diagnosis,evt_benign_880
2025-01-11T21:38:01.854725,doc_3,read_phi,phi_rec_160,diagnosis,evt_benign_112
2025-01-12T00:18:30.667679,doc_8,read_phi,phi_rec_38,diagnosis,evt_benign_172
2025-01-12T03:32:34.206738,doc_9,read_phi,phi_rec_7,diagnosis,evt_benign_542
2025-01-12T06:34:25.332867,doc_8,read_phi,phi_rec_121,diagnosis,evt_benign_199
2025-01-12T08:02:18.186200,doc_7,read_phi,phi_rec_119,diagnosis,evt_benign_429
2025-01-12T10:33:28.822867,doc_19,read_phi,phi_rec_113,diagnosis,evt_benign_758
2025-01-12T15:06:53.278112,doc_7,read_phi,phi_rec_163,diagnosis,evt_benign_282
2025-01-13T00:00:15.282349,doc_3,read_phi,phi_rec_152,diagnosis,evt_benign_694
2025-01-13T15:06:56.155360,doc_14,read_phi,phi_rec_76,diagnosis,evt_benign_651
2025-01-14T09:10:06.360333,doc_19,read_phi,phi_rec_140,diagnosis,evt_benign_417
2025-01-14T17:37:58.570742,doc_19,read_phi,phi_rec_78,diagnosis,evt_benign_699
2025-01-14T22:38:43.968493,doc_19,read_phi,phi_rec_148,diagnosis,evt_benign_557
2025-01-14T23:45:59.972733,doc_7,read_phi,phi_rec_53,diagnosis,evt_benign_152
2025-01-15T06:17:56.002878,doc_19,read_phi,phi_rec_140,diagnosis,evt_benign_862
2025-01-15T12:19:28.811202,doc_6,read_phi,phi_rec_118,diagnosis,evt_benign_648
2025-01-15T17:43:37.954063,doc_17,read_phi,phi_rec_97,diagnosis,evt_benign_309
2025-01-16T00:06:16.780720,doc_6,read_phi,phi_rec_33,diagnosis,evt_benign_412
2025-01-16T00:57:17.855827,doc_3,read_phi,phi_rec_16,diagnosis,evt_benign_884
2025-01-16T09:21:15.756088,doc_8,read_phi,phi_rec_3,diagnosis,evt_benign_324
2025-01-16T19:33:03.446962,doc_11,read_phi,phi_rec_199,diagnosis,evt_benign_406
2025-01-16T20:47:15.984139,doc_17,read_phi,phi_rec_65,diagnosis,evt_benign_306
2025-01-16T23:49:16.370121,doc_3,read_phi,phi_rec_16,diagnosis,evt_benign_368
2025-01-17T00:23:10.689889,doc_1,read_phi,phi_rec_39,diagnosis,evt_benign_658
2025-01-17T00:53:48.642058,doc_15,read_phi,phi_rec_35,diagnosis,evt_benign_883
2025-01-17T22:47:08.270264,doc_13,read_phi,phi_rec_127,diagnosis,evt_benign_498
2025-01-17T23:52:25.913243,doc_10,read_phi,phi_rec_31,diagnosis,evt_benign_505
2025-01-18T01:52:15.317766,doc_18,read_phi,phi_rec_133,diagnosis,evt_benign_285
2025-01-18T10:24:05.186375,doc_10,read_phi,phi_rec_126,diagnosis,evt_benign_755
2025-01-18T15:27:11.836535,doc_8,read_phi,phi_rec_121,diagnosis,evt_benign_546
2025-01-19T03:45:50.979255,doc_3,read_phi,phi_rec_146,diagnosis,evt_benign_465
2025-01-19T10:13:21.684385,doc_6,read_phi,phi_rec_150,diagnosis,evt_benign_828
2025-01-19T14:11:48.861155,doc_8,read_phi,phi_rec_100,diagnosis,evt_benign_769
2025-01-19T18:41:44.731036,doc_6,read_phi,phi_rec_85,diagnosis,evt_benign_545
2025-01-19T21:58:41.933952,doc_1,read_phi,phi_rec_132,diagnosis,evt_benign_922
2025-01-19T22:16:00.888046,doc_9,read_phi,phi_rec_7,diagnosis,evt_benign_497
2025-01-20T09:17:55.012228,doc_15,read_phi,phi_rec_179,diagnosis,evt_benign_52
2025-01-20T14:30:06.806115,doc_19,read_phi,phi_rec_173,diagnosis,evt_benign_237
2025-01-20T15:15:46.594337,doc_4,read_phi,phi_rec_13,diagnosis,evt_benign_763
2025-01-20T20:26:43.309426,doc_19,read_phi,phi_rec_135,diagnosis,evt_benign_97
2025-01-21T02:46:24.305579,doc_2,read_phi,phi_rec_96,diagnosis,evt_benign_217
2025-01-21T09:04:12.499798,doc_5,read_phi,phi_rec_151,diagnosis,evt_benign_553
2025-01-21T09:34:33.252393,doc_10,read_phi,phi_rec_126,diagnosis,evt_benign_369
2025-01-21T09:39:23.262121,doc_8,read_phi,phi_rec_18,diagnosis,evt_benign_697
2025-01-21T09:43:43.636047,doc_6,read_phi,phi_rec_154,diagnosis,evt_benign_307
2025-01-22T15:32:38.778559,doc_12,read_phi,phi_rec_79,diagnosis,evt_benign_75
2025-01-23T12:39:59.228732,doc_17,read_phi,phi_rec_134,diagnosis,evt_benign_474
2025-01-24T13:35:04.678710,doc_10,read_phi,phi_rec_25,diagnosis,evt_benign_228
2025-01-24T19:03:24.633963,doc_19,read_phi,phi_rec_159,diagnosis,evt_benign_764
2025-01-24T20:02:31.319669,doc_3,read_phi,phi_rec_146,diagnosis,evt_benign_793
2025-01-24T21:50:10.878574,doc_10,read_phi,phi_rec_25,diagnosis,evt_benign_487
2025-01-24T22:55:53.602942,doc_13,read_phi,phi_rec_127,diagnosis,evt_benign_289
2025-01-25T03:26:42.379960,doc_5,read_phi,phi_rec_125,diagnosis,evt_benign_234
2025-01-25T05:54:50.028948,doc_10,read_phi,phi_rec_25,diagnosis,evt_benign_109
2025-01-25T06:27:20.834883,doc_2,read_phi,phi_rec_162,diagnosis,evt_benign_25
2025-01-25T07:43:42.452533,doc_13,read_phi,phi_rec_167,diagnosis,evt_benign_142
2025-01-25T11:04:38.167897,doc_3,read_phi,phi_rec_142,diagnosis,evt_benign_134
2025-01-25T14:09:05.457835,doc_7,read_phi,phi_rec_82,diagnosis,evt_benign_607
2025-01-25T15:55:40.884961,doc_10,read_phi,phi_rec_31,diagnosis,evt_benign_733
2025-01-25T17:19:30.944422,doc_6,read_phi,phi_rec_154,diagnosis,evt_benign_531
2025-01-26T09:00:49.312125,doc_3,read_phi,phi_rec_174,diagnosis,evt_benign_435
2025-01-26T09:58:55.864047,doc_15,read_phi,phi_rec_5,diagnosis,evt_benign_673
2025-01-27T00:45:08.532939,doc_0,read_phi,phi_rec_44,diagnosis,evt_benign_842
2025-01-27T06:47:26.091116,doc_1,read_phi,phi_rec_169,diagnosis,evt_benign_56
2025-01-28T02:04:11.104470,doc_7,read_phi,phi_rec_53,diagnosis,evt_benign_518
2025-01-28T08:09:54.994927,doc_2,read_phi,phi_rec_144,diagnosis,evt_benign_481
2025-01-29T05:30:17.106905,doc_2,read_phi,phi_rec_50,diagnosis,evt_benign_104
2025-01-29T11:13:37.604234,doc_10,read_phi,phi_rec_126,diagnosis,evt_benign_762
2025-01-29T11:55:30.372364,doc_8,read_phi,phi_rec_107,diagnosis,evt_benign_804
2025-01-29T14:44:08.480677,doc_14,read_phi,phi_rec_36,diagnosis,evt_benign_791
2025-01-29T15:44:24.458766,doc_8,read_phi,phi_rec_100,diagnosis,evt_benign_229
2025-01-29T15:46:37.550739,doc_13,read_phi,phi_rec_167,diagnosis,evt_benign_330
2025-01-30T02:53:24.132400,doc_19,read_phi,phi_rec_135,diagnosis,evt_benign_600
2025-01-30T08:27:21.123777,doc_12,read_phi,phi_rec_43,diagnosis,evt_benign_802
2025-01-30T16:31:12.335484,doc_19,read_phi,phi_rec_45,diagnosis,evt_benign_511
2025-01-30T20:36:34.671711,doc_16,read_phi,phi_rec_4,diagnosis,evt_benign_128
2025-01-30T23:05:19.737540,doc_7,read_phi,phi_rec_48,diagnosis,evt_benign_446
2025-01-31T15:11:57.043299,doc_1,read_phi,phi_rec_95,diagnosis,evt_benign_450
2025-01-31T16:25:24.895212,doc_7,read_phi,phi_rec_82,diagnosis,evt_benign_414
2025-01-31T20:50:47.056100,doc_3,read_phi,phi_rec_189,diagnosis,evt_benign_776
2025-02-01T03:25:33.731105,doc_5,read_phi,phi_rec_181,diagnosis,evt_benign_683
2025-02-01T06:53:43.452606,doc_17,read_phi,phi_rec_56,diagnosis,evt_benign_824
2025-02-01T08:49:55.576472,doc_5,read_phi,phi_rec_168,diagnosis,evt_benign_521
2025-02-01T20:50:25.294377,doc_7,read_phi,phi_rec_53,diagnosis,evt_benign_543
2025-02-02T03:42:16.147827,doc_17,read_phi,phi_rec_56,diagnosis,evt_benign_242
2025-02-03T07:30:22.342499,doc_6,read_phi,phi_rec_11,diagnosis,evt_benign_907
2025-02-03T15:03:34.005432,doc_9,read_phi,phi_rec_22,diagnosis,evt_benign_639
2025-02-03T20:06:50.488497,doc_6,read_phi,phi_rec_71,diagnosis,evt_benign_725
2025-02-04T06:58:03.405736,doc_2,read_phi,phi_rec_162,diagnosis,evt_benign_550
2025-02-04T08:36:37.266683,doc_8,read_phi,phi_rec_100,diagnosis,evt_benign_578
2025-02-05T06:30:51.728578,doc_1,read_phi,phi_rec_128,diagnosis,evt_benign_336
2025-02-05T06:32:14.999527,doc_8,read_phi,phi_rec_121,diagnosis,evt_benign_110
2025-02-05T17:00:10.998470,doc_7,read_phi,phi_rec_53,diagnosis,evt_benign_911
2025-02-05T18:09:14.573375,doc_3,read_phi,phi_rec_189,diagnosis,evt_benign_361
2025-02-05T18:21:26.160572,doc_15,read_phi,phi_rec_153,diagnosis,evt_benign_343
2025-02-05T20:46:18.954592,doc_2,read_phi,phi_rec_164,diagnosis,evt_benign_378
2025-02-06T04:00:37.918196,doc_6,read_phi,phi_rec_182,diagnosis,evt_benign_927
2025-02-06T09:31:04.935466,doc_19,read_phi,phi_rec_159,diagnosis,evt_benign_267
2025-02-06T10:38:04.443753,doc_4,read_phi,phi_rec_13,diagnosis,evt_benign_876
2025-02-06T11:19:04.754090,doc_19,read_phi,phi_rec_173,diagnosis,evt_benign_340
2025-02-06T11:30:39.918700,doc_8,read_phi,phi_rec_161,diagnosis,evt_benign_431
2025-02-06T11:32:45.238417,doc_5,read_phi,phi_rec_125,diagnosis,evt_benign_424
2025-02-07T15:34:58.436888,doc_14,read_phi,phi_rec_76,diagnosis,evt_benign_591
2025-02-07T16:38:07.078272,doc_14,read_phi,phi_rec_36,diagnosis,evt_benign_533
2025-02-07T20:29:33.683269,doc_15,read_phi,phi_rec_90,diagnosis,evt_benign_635
2025-02-08T00:03:32.879360,doc_10,read_phi,phi_rec_31,diagnosis,evt_benign_202
2025-02-08T17:25:52.710814,doc_0,read_phi,phi_rec_41,diagnosis,evt_benign_377
2025-02-09T05:58:04.894160,doc_6,read_phi,phi_rec_103,diagnosis,evt_benign_722
2025-02-09T10:00:02.600076,doc_6,read_phi,phi_rec_176,diagnosis,evt_benign_620
2025-02-09T11:46:09.826275,doc_6,read_phi,phi_rec_139,diagnosis,evt_benign_274
2025-02-10T13:11:21.212874,doc_14,read_phi,phi_rec_171,diagnosis,evt_benign_676
2025-02-10T13:31:57.265098,doc_12,read_phi,phi_rec_79,diagnosis,evt_benign_921
2025-02-10T16:35:37.410533,doc_10,read_phi,phi_rec_186,diagnosis,evt_benign_918
2025-02-10T19:57:06.918004,doc_1,read_phi,phi_rec_95,diagnosis,evt_benign_149
2025-02-11T07:16:32.387779,doc_8,read_phi,phi_rec_89,diagnosis,evt_benign_818
2025-02-11T18:47:39.963192,doc_1,read_phi,phi_rec_87,diagnosis,evt_benign_701
2025-02-12T03:09:21.233042,doc_10,read_phi,phi_rec_69,diagnosis,evt_benign_159
2025-02-12T15:23:42.505535,doc_17,read_phi,phi_rec_56,diagnosis,evt_benign_891
2025-02-13T06:43:49.205483,doc_3,read_phi,phi_rec_174,diagnosis,evt_benign_283
2025-02-13T10:57:31.472812,doc_14,read_phi,phi_rec_191,diagnosis,evt_benign_139
2025-02-13T11:22:20.060496,doc_19,read_phi,phi_rec_20,diagnosis,evt_benign_774
2025-02-13T20:30:29.685330,doc_16,read_phi,phi_rec_12,diagnosis,evt_benign_403
2025-02-14T08:31:10.063967,doc_6,read_phi,phi_rec_176,diagnosis,evt_benign_529
2025-02-14T13:52:39.752554,doc_6,read_phi,phi_rec_71,diagnosis,evt_benign_127
2025-02-15T00:02:36.929148,doc_12,read_phi,phi_rec_0,diagnosis,evt_benign_71
2025-02-15T00:11:45.396700,doc_3,read_phi,phi_rec_67,diagnosis,evt_benign_698
2025-02-15T01:33:36.024530,doc_14,read_phi,phi_rec_36,diagnosis,evt_benign_517
2025-02-15T06:08:55.126311,doc_15,read_phi,phi_rec_90,diagnosis,evt_benign_744
2025-02-15T07:23:58.145244,doc_2,read_phi,phi_rec_42,diagnosis,evt_benign_214
2025-02-15T13:54:47.786710,doc_11,read_phi,phi_rec_124,diagnosis,evt_benign_459
2025-02-15T15:26:21.999690,doc_0,read_phi,phi_rec_193,diagnosis,evt_benign_70
2025-02-16T01:07:55.406099,doc_5,read_phi,phi_rec_181,diagnosis,evt_benign_46
2025-02-16T08:19:06.191613,doc_18,read_phi,phi_rec_133,diagnosis,evt_benign_187
2025-02-17T06:47:23.832406,doc_0,read_phi,phi_rec_193,diagnosis,evt_benign_691
2025-02-17T17:03:31.434981,doc_15,read_phi,phi_rec_8,diagnosis,evt_benign_337
2025-02-18T01:04:26.011421,doc_6,read_phi,phi_rec_182,diagnosis,evt_benign_144
2025-02-18T11:39:15.490873,doc_12,read_phi,phi_rec_0,diagnosis,evt_benign_784
2025-02-18T14:10:45.322038,doc_8,read_phi,phi_rec_161,diagnosis,evt_benign_745
2025-02-18T16:19:03.828346,doc_7,read_phi,phi_rec_123,diagnosis,evt_benign_353
2025-02-19T01:51:11.544762,doc_6,read_phi,phi_rec_33,diagnosis,evt_benign_582
2025-02-19T03:52:47.121863,doc_19,read_phi,phi_rec_32,diagnosis,evt_benign_562
2025-02-19T08:30:35.917884,doc_9,read_phi,phi_rec_7,diagnosis,evt_benign_508
2025-02-19T16:06:37.255202,doc_1,read_phi,phi_rec_183,diagnosis,evt_benign_391
2025-02-19T22:37:47.043280,doc_1,read_phi,phi_rec_95,diagnosis,evt_benign_332
2025-02-20T02:10:13.064692,doc_2,read_phi,phi_rec_164,diagnosis,evt_benign_264
2025-02-20T02:56:41.940180,doc_8,read_phi,phi_rec_177,diagnosis,evt_benign_507
2025-02-20T12:16:34.470829,doc_14,read_phi,phi_rec_171,diagnosis,evt_benign_742
2025-02-20T17:58:28.319464,doc_18,read_phi,phi_rec_10,diagnosis,evt_benign_129
2025-02-21T10:38:26.533055,doc_2,read_phi,phi_rec_162,diagnosis,evt_benign_834
2025-02-21T11:01:35.923376,doc_14,read_phi,phi_rec_191,diagnosis,evt_benign_223
2025-02-21T21:59:12.932981,doc_13,read_phi,phi_rec_105,diagnosis,evt_benign_719
2025-02-22T00:43:58.897933,doc_19,read_phi,phi_rec_135,diagnosis,evt_benign_335
2025-02-22T01:13:29.127626,doc_11,read_phi,phi_rec_178,diagnosis,evt_benign_473
2025-02-22T04:22:35.250178,doc_1,read_phi,phi_rec_155,diagnosis,evt_benign_888
2025-02-22T17:23:00.932311,doc_1,read_phi,phi_rec_155,diagnosis,evt_benign_355
2025-02-23T00:54:20.368962,doc_18,read_phi,phi_rec_180,diagnosis,evt_benign_848
2025-02-23T01:24:09.623939,doc_19,read_phi,phi_rec_72,diagnosis,evt_benign_690
2025-02-23T03:08:37.482877,doc_2,read_phi,phi_rec_77,diagnosis,evt_benign_105
2025-02-23T05:16:35.419057,doc_4,read_phi,phi_rec_93,diagnosis,evt_benign_136
2025-02-23T09:29:28.889578,doc_5,read_phi,phi_rec_181,diagnosis,evt_benign_810
2025-02-24T05:55:27.627114,doc_16,read_phi,phi_rec_197,diagnosis,evt_benign_372
2025-02-24T09:53:09.368739,doc_13,read_phi,phi_rec_167,diagnosis,evt_benign_881
2025-02-24T15:09:27.859421,doc_6,read_phi,phi_rec_103,diagnosis,evt_benign_670
2025-02-25T20:39:39.857105,doc_2,read_phi,phi_rec_58,diagnosis,evt_benign_790
2025-02-25T23:59:09.530938,doc_19,read_phi,phi_rec_113,diagnosis,evt_benign_596
2025-02-26T07:09:38.746638,doc_7,read_phi,phi_rec_53,diagnosis,evt_benign_815
2025-02-26T09:37:30.874354,doc_11,read_phi,phi_rec_9,diagnosis,evt_benign_696
2025-02-27T12:09:16.311998,doc_11,read_phi,phi_rec_145,diagnosis,evt_benign_48
2025-02-27T16:46:54.889376,doc_8,read_phi,phi_rec_18,diagnosis,evt_benign_189
2025-02-27T18:27:35.955957,doc_6,read_phi,phi_rec_103,diagnosis,evt_benign_281
2025-02-27T20:54:51.403924,doc_18,read_phi,phi_rec_74,diagnosis,evt_benign_174
2025-02-27T20:56:49.666766,doc_17,read_phi,phi_rec_134,diagnosis,evt_benign_812
2025-02-28T12:34:44.337781,doc_19,read_phi,phi_rec_88,diagnosis,evt_benign_538
2025-02-28T13:43:04.936821,doc_1,read_phi,phi_rec_155,diagnosis,evt_benign_102
2025-02-28T18:46:49.842895,doc_7,read_phi,phi_rec_163,diagnosis,evt_benign_43
2025-03-01T11:27:28.967799,doc_6,read_phi,phi_rec_51,diagnosis,evt_benign_915
2025-03-01T18:11:13.764841,doc_6,read_phi,phi_rec_33,diagnosis,evt_benign_575
2025-03-01T22:54:25.400575,doc_7,read_phi,phi_rec_48,diagnosis,evt_benign_795
2025-03-02T00:29:17.243437,doc_3,read_phi,phi_rec_142,diagnosis,evt_benign_618
2025-03-02T08:55:43.242385,doc_17,read_phi,phi_rec_34,diagnosis,evt_benign_15
2025-03-02T09:58:32.053530,doc_1,read_phi,phi_rec_2,diagnosis,evt_benign_156
2025-03-02T11:23:40.319993,doc_13,read_phi,phi_rec_158,diagnosis,evt_benign_167
2025-03-02T20:18:11.297293,doc_6,read_phi,phi_rec_11,diagnosis,evt_benign_929
2025-03-02T21:05:06.606277,doc_10,read_phi,phi_rec_112,diagnosis,evt_benign_608
2025-03-03T07:47:35.378980,doc_0,read_phi,phi_rec_120,diagnosis,evt_benign_405
2025-03-03T08:49:58.750351,doc_3,read_phi,phi_rec_122,diagnosis,evt_benign_750
2025-03-03T20:02:04.319972,doc_18,read_phi,phi_rec_104,diagnosis,evt_benign_603
2025-03-03T21:48:17.925926,doc_15,read_phi,phi_rec_46,diagnosis,evt_benign_362
2025-03-04T09:34:28.141300,doc_1,read_phi,phi_rec_39,diagnosis,evt_benign_3
2025-03-04T10:58:17.773370,doc_4,read_phi,phi_rec_13,diagnosis,evt_benign_856
2025-03-04T11:22:06.690788,doc_1,read_phi,phi_rec_87,diagnosis,evt_benign_201
2025-03-04T15:22:35.913222,doc_10,read_phi,phi_rec_80,diagnosis,evt_benign_135
2025-03-04T16:27:23.428052,doc_8,read_phi,phi_rec_121,diagnosis,evt_benign_870
2025-03-04T18:41:15.083905,doc_18,read_phi,phi_rec_106,diagnosis,evt_benign_32
2025-03-04T21:08:28.467676,doc_14,read_phi,phi_rec_57,diagnosis,evt_benign_320
2025-03-04T21:33:16.046745,doc_10,read_phi,phi_rec_186,diagnosis,evt_benign_789
2025-03-05T13:28:38.540211,doc_1,read_phi,phi_rec_155,diagnosis,evt_benign_897
2025-03-06T01:48:13.949361,doc_2,read_phi,phi_rec_162,diagnosis,evt_benign_720
2025-03-08T04:56:41.533213,doc_4,read_phi,phi_rec_55,diagnosis,evt_benign_238
2025-03-08T10:16:03.927610,doc_8,read_phi,phi_rec_3,diagnosis,evt_benign_85
2025-03-08T17:59:45.245724,doc_10,read_phi,phi_rec_60,diagnosis,evt_benign_567
2025-03-09T02:19:20.536361,doc_11,read_phi,phi_rec_110,diagnosis,evt_benign_247
2025-03-09T11:25:12.674649,doc_18,read_phi,phi_rec_74,diagnosis,evt_benign_232
2025-03-09T12:01:52.381335,doc_4,read_phi,phi_rec_94,diagnosis,evt_benign_598
2025-03-09T16:37:41.598620,doc_0,read_phi,phi_rec_149,diagnosis,evt_benign_173
2025-03-09T22:09:00.331228,doc_6,read_phi,phi_rec_11,diagnosis,evt_benign_12
2025-03-10T07:09:55.361985,doc_18,read_phi,phi_rec_52,diagnosis,evt_benign_609
2025-03-10T13:06:30.096347,doc_0,read_phi,phi_rec_41,diagnosis,evt_benign_706
2025-03-10T13:52:39.343762,doc_15,read_phi,phi_rec_26,diagnosis,evt_benign_796
2025-03-10T19:21:55.784259,doc_11,read_phi,phi_rec_29,diagnosis,evt_benign_782
2025-03-11T03:01:50.813820,doc_19,read_phi,phi_rec_113,diagnosis,evt_benign_817
2025-03-11T04:31:08.250717,doc_15,read_phi,phi_rec_26,diagnosis,evt_benign_415
2025-03-11T09:05:09.094306,doc_19,read_phi,phi_rec_140,diagnosis,evt_benign_177
2025-03-11T09:21:10.881109,doc_8,read_phi,phi_rec_161,diagnosis,evt_benign_672
2025-03-11T18:38:47.246747,doc_15,read_phi,phi_rec_26,diagnosis,evt_benign_276
2025-03-11T19:34:41.649419,doc_15,read_phi,phi_rec_179,diagnosis,evt_benign_622
2025-03-11T23:15:57.030831,doc_6,read_phi,phi_rec_154,diagnosis,evt_benign_69
2025-03-12T03:29:17.731452,doc_9,read_phi,phi_rec_66,diagnosis,evt_benign_540
2025-03-12T10:23:53.190071,doc_1,read_phi,phi_rec_87,diagnosis,evt_benign_632
2025-03-12T12:35:00.264557,doc_14,read_phi,phi_rec_191,diagnosis,evt_benign_525
2025-03-12T16:30:52.608535,doc_14,read_phi,phi_rec_57,diagnosis,evt_benign_563
2025-03-12T17:03:57.947145,doc_16,read_phi,phi_rec_37,diagnosis,evt_benign_279
2025-03-13T11:46:22.790588,doc_10,read_phi,phi_rec_69,diagnosis,evt_benign_785
2025-03-13T22:52:18.263888,doc_3,read_phi,phi_rec_189,diagnosis,evt_benign_587
2025-03-14T08:16:15.318629,doc_13,read_phi,phi_rec_1,diagnosis,evt_benign_649
2025-03-14T18:12:27.447166,doc_1,read_phi,phi_rec_87,diagnosis,evt_benign_298
2025-03-14T23:25:24.294770,doc_15,read_phi,phi_rec_8,diagnosis,evt_benign_409
2025-03-15T02:21:38.907506,doc_10,read_phi,phi_rec_117,diagnosis,evt_benign_7
2025-03-15T11:33:20.141346,doc_5,read_phi,phi_rec_86,diagnosis,evt_benign_872
2025-03-15T13:55:20.052177,doc_15,read_phi,phi_rec_109,diagnosis,evt_benign_480
2025-03-15T15:36:47.331166,doc_17,read_phi,phi_rec_27,diagnosis,evt_benign_615
2025-03-16T17:53:36.747395,doc_0,read_phi,phi_rec_156,diagnosis,evt_benign_20
2025-03-17T01:24:13.211227,doc_3,read_phi,phi_rec_23,diagnosis,evt_benign_164
2025-03-17T04:56:41.630191,doc_2,read_phi,phi_rec_77,diagnosis,evt_benign_209
2025-03-17T05:57:01.593129,doc_18,read_phi,phi_rec_106,diagnosis,evt_benign_748
2025-03-17T15:51:00.456524,doc_13,read_phi,phi_rec_105,diagnosis,evt_benign_854
2025-03-18T03:06:57.476075,doc_3,read_phi,phi_rec_122,diagnosis,evt_benign_537
2025-03-18T04:46:06.822078,doc_2,read_phi,phi_rec_50,diagnosis,evt_benign_222
2025-03-18T16:42:04.258068,doc_3,read_phi,phi_rec_114,diagnosis,evt_benign_646
2025-03-19T00:32:56.538522,doc_13,read_phi,phi_rec_1,diagnosis,evt_benign_779
2025-03-19T03:11:45.000334,doc_11,read_phi,phi_rec_145,diagnosis,evt_benign_53
2025-03-19T06:45:39.890254,doc_16,read_phi,phi_rec_37,diagnosis,evt_benign_561
2025-03-19T17:06:37.660584,doc_18,read_phi,phi_rec_74,diagnosis,evt_benign_349
2025-03-19T19:49:16.321004,doc_17,read_phi,phi_rec_97,diagnosis,evt_benign_736
2025-03-20T08:37:47.302550,doc_5,read_phi,phi_rec_151,diagnosis,evt_benign_738
2025-03-20T08:58:55.322871,doc_3,read_phi,phi_rec_114,diagnosis,evt_benign_44
2025-03-21T00:29:06.514892,doc_5,read_phi,phi_rec_125,diagnosis,evt_benign_821
2025-03-21T04:09:49.632226,doc_19,read_phi,phi_rec_173,diagnosis,evt_benign_287
2025-03-21T05:51:19.679001,doc_18,read_phi,phi_rec_116,diagnosis,evt_benign_892
2025-03-21T13:00:54.080978,doc_17,read_phi,phi_rec_134,diagnosis,evt_benign_912
2025-03-21T13:51:08.453921,doc_10,read_phi,phi_rec_69,diagnosis,evt_benign_675
2025-03-21T16:09:28.152628,doc_4,read_phi,phi_rec_15,diagnosis,evt_benign_376
2025-03-22T03:23:20.713511,doc_6,read_phi,phi_rec_176,diagnosis,evt_benign_107
2025-03-22T08:26:02.818913,doc_16,read_phi,phi_rec_37,diagnosis,evt_benign_268
2025-03-22T14:10:45.763651,doc_10,read_phi,phi_rec_186,diagnosis,evt_benign_188
2025-03-22T22:56:28.863868,doc_0,read_phi,phi_rec_41,diagnosis,evt_benign_171
2025-03-23T10:12:48.084946,doc_1,read_phi,phi_rec_132,diagnosis,evt_benign_445
2025-03-23T12:28:21.110284,doc_10,read_phi,phi_rec_117,diagnosis,evt_benign_271
2025-03-23T19:41:22.672365,doc_17,read_phi,phi_rec_40,diagnosis,evt_benign_732
2025-03-23T21:55:33.998562,doc_17,read_phi,phi_rec_70,diagnosis,evt_benign_616
2025-03-23T23:50:03.488119,doc_6,read_phi,phi_rec_150,diagnosis,evt_benign_356
2025-03-24T11:56:08.655355,doc_18,read_phi,phi_rec_74,diagnosis,evt_benign_155
2025-03-24T16:52:06.689227,doc_18,read_phi,phi_rec_116,diagnosis,evt_benign_866
2025-03-24T19:40:50.943779,doc_3,read_phi,phi_rec_138,diagnosis,evt_benign_294
2025-03-24T21:21:04.091085,doc_5,read_phi,phi_rec_125,diagnosis,evt_benign_751
2025-03-25T00:17:47.503848,doc_12,read_phi,phi_rec_0,diagnosis,evt_benign_519
2025-03-25T13:07:39.276788,doc_19,read_phi,phi_rec_159,diagnosis,evt_benign_437
2025-03-25T15:21:16.691199,doc_9,read_phi,phi_rec_198,diagnosis,evt_benign_245
2025-03-25T20:07:29.188606,doc_9,read_phi,phi_rec_64,diagnosis,evt_benign_501
2025-03-26T10:06:01.106718,doc_18,read_phi,phi_rec_10,diagnosis,evt_benign_138
2025-03-26T21:16:21.532100,doc_16,read_phi,phi_rec_101,diagnosis,evt_benign_176
2025-03-27T02:09:47.292080,doc_18,read_phi,phi_rec_106,diagnosis,evt_benign_708
2025-03-27T04:25:35.531604,doc_9,read_phi,phi_rec_14,diagnosis,evt_benign_838
2025-03-27T07:52:14.396843,doc_0,read_phi,phi_rec_193,diagnosis,evt_benign_641
2025-03-27T21:10:26.873597,doc_17,read_phi,phi_rec_68,diagnosis,evt_benign_873
2025-03-28T01:45:55.195568,doc_5,read_phi,phi_rec_86,diagnosis,evt_benign_165
2025-03-28T06:52:30.786969,doc_3,read_phi,phi_rec_142,diagnosis,evt_benign_890
2025-03-28T09:40:54.802356,doc_14,read_phi,phi_rec_76,diagnosis,evt_benign_323
2025-03-28T09:53:01.906031,doc_2,read_phi,phi_rec_164,diagnosis,evt_benign_145
2025-03-28T10:13:26.663781,doc_14,read_phi,phi_rec_76,diagnosis,evt_benign_845
2025-03-28T11:54:16.422752,doc_12,read_phi,phi_rec_175,diagnosis,evt_benign_806
2025-03-28T13:37:11.009696,doc_6,read_phi,phi_rec_33,diagnosis,evt_benign_178
2025-03-28T13:55:16.222534,doc_9,read_phi,phi_rec_83,diagnosis,evt_benign_499
2025-03-29T07:11:43.467940,doc_16,read_phi,phi_rec_187,diagnosis,evt_benign_523
2025-03-30T18:25:44.916378,doc_18,read_phi,phi_rec_10,diagnosis,evt_benign_318
2025-03-30T20:35:04.790766,doc_12,read_phi,phi_rec_143,diagnosis,evt_benign_741
2025-03-30T23:02:55.576433,doc_2,read_phi,phi_rec_59,diagnosis,evt_benign_513
2025-03-30T23:46:36.951467,doc_15,read_phi,phi_rec_26,diagnosis,evt_benign_555
2025-03-31T04:53:21.893636,doc_11,read_phi,phi_rec_166,diagnosis,evt_benign_122
2025-03-31T14:30:58.346808,doc_18,read_phi,phi_rec_133,diagnosis,evt_benign_633
2025-03-31T18:14:47.533314,doc_17,read_phi,phi_rec_65,diagnosis,evt_benign_262
2025-04-01T12:18:16.801791,doc_11,read_phi,phi_rec_9,diagnosis,evt_benign_303
2025-04-02T02:32:12.773738,doc_3,read_phi,phi_rec_146,diagnosis,evt_benign_338
2025-04-02T06:06:01.579496,doc_6,read_phi,phi_rec_103,diagnosis,evt_benign_191
2025-04-02T22:10:41.243666,doc_8,read_phi,phi_rec_161,diagnosis,evt_benign_637
2025-04-03T05:21:11.976463,doc_1,read_phi,phi_rec_155,diagnosis,evt_benign_895
2025-04-03T09:40:01.197068,doc_9,read_phi,phi_rec_75,diagnosis,evt_benign_438
2025-04-03T13:35:24.142889,doc_11,read_phi,phi_rec_166,diagnosis,evt_benign_861
2025-04-03T18:16:05.621901,doc_11,read_phi,phi_rec_124,diagnosis,evt_benign_67
2025-04-04T04:34:28.214415,doc_15,read_phi,phi_rec_179,diagnosis,evt_benign_428
2025-04-04T12:17:30.080571,doc_16,read_phi,phi_rec_61,diagnosis,evt_benign_183
2025-04-04T14:12:08.986658,doc_4,read_phi,phi_rec_21,diagnosis,evt_benign_695
2025-04-04T15:28:56.858262,doc_13,read_phi,phi_rec_105,diagnosis,evt_benign_397
2025-04-04T17:15:13.507375,doc_14,read_phi,phi_rec_191,diagnosis,evt_benign_687
2025-04-04T21:04:43.068674,doc_15,read_phi,phi_rec_90,diagnosis,evt_benign_689
2025-04-05T01:29:19.128469,doc_9,read_phi,phi_rec_7,diagnosis,evt_benign_905
2025-04-05T06:45:18.804684,doc_18,read_phi,phi_rec_133,diagnosis,evt_benign_121
2025-04-05T07:15:22.876405,doc_5,read_phi,phi_rec_185,diagnosis,evt_benign_83
2025-04-05T21:47:06.695179,doc_9,read_phi,phi_rec_75,diagnosis,evt_benign_311
2025-04-06T03:28:36.586575,doc_3,read_phi,phi_rec_152,diagnosis,evt_benign_277
2025-04-06T08:02:22.726402,doc_2,read_phi,phi_rec_50,diagnosis,evt_benign_825
2025-04-06T11:49:23.352249,doc_10,read_phi,phi_rec_186,diagnosis,evt_benign_606
2025-04-06T13:26:23.253107,doc_11,read_phi,phi_rec_145,diagnosis,evt_benign_729
2025-04-06T14:29:26.482855,doc_6,read_phi,phi_rec_182,diagnosis,evt_benign_236
2025-04-06T21:45:49.074004,doc_10,read_phi,phi_rec_117,diagnosis,evt_benign_331
2025-04-07T02:31:32.229373,doc_8,read_phi,phi_rec_107,diagnosis,evt_benign_572
2025-04-07T02:47:43.325611,doc_10,read_phi,phi_rec_49,diagnosis,evt_benign_37
2025-04-07T20:06:30.598839,doc_3,read_phi,phi_rec_16,diagnosis,evt_benign_220
2025-04-07T22:42:45.944960,doc_17,read_phi,phi_rec_27,diagnosis,evt_benign_195
2025-04-08T03:55:49.234938,doc_10,read_phi,phi_rec_126,diagnosis,evt_benign_286
2025-04-08T05:20:24.281441,doc_0,read_phi,phi_rec_44,diagnosis,evt_benign_629
2025-04-08T14:08:20.583647,doc_6,read_phi,phi_rec_176,diagnosis,evt_benign_5
2025-04-08T19:45:55.484076,doc_17,read_phi,phi_rec_19,diagnosis,evt_benign_344
2025-04-09T08:17:42.720555,doc_15,read_phi,phi_rec_153,diagnosis,evt_benign_410
2025-04-09T11:29:38.627964,doc_19,read_phi,phi_rec_78,diagnosis,evt_benign_558
2025-04-09T13:16:23.221587,doc_17,read_phi,phi_rec_65,diagnosis,evt_benign_904
2025-04-09T15:18:04.206849,doc_15,read_phi,phi_rec_26,diagnosis,evt_benign_896
2025-04-09T18:53:34.110540,doc_5,read_phi,phi_rec_86,diagnosis,evt_benign_161
2025-04-10T00:05:35.669433,doc_8,read_phi,phi_rec_107,diagnosis,evt_benign_627
2025-04-10T02:02:05.623176,doc_4,read_phi,phi_rec_15,diagnosis,evt_benign_426
2025-04-10T18:39:01.135951,doc_12,read_phi,phi_rec_6,diagnosis,evt_benign_766
2025-04-10T20:55:35.754306,doc_18,read_phi,phi_rec_106,diagnosis,evt_benign_194
2025-04-10T20:59:37.119104,doc_16,read_phi,phi_rec_12,diagnosis,evt_benign_184
2025-04-10T22:44:59.230647,doc_7,read_phi,phi_rec_82,diagnosis,evt_benign_288
2025-04-10T23:22:44.531449,doc_1,read_phi,phi_rec_39,diagnosis,evt_benign_621
2025-04-11T00:58:52.343449,doc_9,read_phi,phi_rec_75,diagnosis,evt_benign_643
2025-04-11T04:04:07.250854,doc_3,read_phi,phi_rec_16,diagnosis,evt_benign_486
2025-04-11T13:13:55.830508,doc_17,read_phi,phi_rec_40,diagnosis,evt_benign_559
2025-04-11T16:56:13.931166,doc_19,read_phi,phi_rec_88,diagnosis,evt_benign_419
2025-04-11T19:01:20.583277,doc_12,read_phi,phi_rec_143,diagnosis,evt_benign_197
2025-04-12T04:02:19.051829,doc_6,read_phi,phi_rec_33,diagnosis,evt_benign_541
2025-04-12T05:55:21.703356,doc_16,read_phi,phi_rec_37,diagnosis,evt_benign_479
2025-04-12T06:37:12.595351,doc_18,read_phi,phi_rec_74,diagnosis,evt_benign_547
2025-04-12T08:35:09.684692,doc_9,read_phi,phi_rec_64,diagnosis,evt_benign_2
2025-04-12T15:10:12.065830,doc_18,read_phi,phi_rec_10,diagnosis,evt_benign_677
2025-04-12T17:56:22.948238,doc_9,read_phi,phi_rec_83,diagnosis,evt_benign_551
2025-04-12T20:37:27.615456,doc_3,read_phi,phi_rec_174,diagnosis,evt_benign_886
2025-04-12T22:51:07.981801,doc_1,read_phi,phi_rec_132,diagnosis,evt_benign_317
2025-04-13T13:46:45.566746,doc_9,read_phi,phi_rec_66,diagnosis,evt_benign_133
2025-04-13T15:48:42.893458,doc_14,read_phi,phi_rec_108,diagnosis,evt_benign_482
2025-04-13T19:04:49.120963,doc_1,read_phi,phi_rec_2,diagnosis,evt_benign_297
2025-04-13T21:23:43.577535,doc_1,read_phi,phi_rec_2,diagnosis,evt_benign_770
2025-04-14T22:10:56.663298,doc_18,read_phi,phi_rec_10,diagnosis,evt_benign_322
2025-04-15T01:02:53.557234,doc_6,read_phi,phi_rec_11,diagnosis,evt_benign_574
2025-04-15T15:14:59.626553,doc_13,read_phi,phi_rec_158,diagnosis,evt_benign_26
2025-04-15T19:08:09.095571,doc_2,read_phi,phi_rec_92,diagnosis,evt_benign_780
2025-04-15T21:16:22.907876,doc_16,read_phi,phi_rec_101,diagnosis,evt_benign_889
2025-04-15T21:36:11.738724,doc_17,read_phi,phi_rec_65,diagnosis,evt_benign_679
2025-04-17T04:39:37.673583,doc_0,read_phi,phi_rec_120,diagnosis,evt_benign_768
2025-04-17T07:52:20.810168,doc_5,read_phi,phi_rec_125,diagnosis,evt_benign_867
2025-04-17T11:16:35.523687,doc_7,read_phi,phi_rec_163,diagnosis,evt_benign_786
2025-04-17T14:20:39.735296,doc_8,read_phi,phi_rec_38,diagnosis,evt_benign_158
2025-04-18T00:48:54.577299,doc_19,read_phi,phi_rec_113,diagnosis,evt_benign_685
2025-04-18T03:26:54.347503,doc_12,read_phi,phi_rec_6,diagnosis,evt_benign_461
2025-04-18T04:47:15.796916,doc_19,read_phi,phi_rec_20,diagnosis,evt_benign_554
2025-04-18T05:48:59.500719,doc_3,read_phi,phi_rec_114,diagnosis,evt_benign_65
2025-04-18T07:55:01.435201,doc_5,read_phi,phi_rec_86,diagnosis,evt_benign_200
2025-04-18T12:36:53.268357,doc_1,read_phi,phi_rec_95,diagnosis,evt_benign_571
2025-04-18T15:49:13.358604,doc_16,read_phi,phi_rec_187,diagnosis,evt_benign_491
2025-04-18T19:08:10.759648,doc_16,read_phi,phi_rec_101,diagnosis,evt_benign_680
2025-04-18T23:03:21.604260,doc_7,read_phi,phi_rec_102,diagnosis,evt_benign_51
2025-04-19T02:22:48.532406,doc_18,read_phi,phi_rec_180,diagnosis,evt_benign_313
2025-04-19T14:03:25.231517,doc_8,read_phi,phi_rec_3,diagnosis,evt_benign_92
2025-04-19T20:07:21.392043,doc_0,read_phi,phi_rec_41,diagnosis,evt_benign_328
2025-04-20T04:01:32.955553,doc_14,read_phi,phi_rec_108,diagnosis,evt_benign_239
2025-04-20T06:44:15.469344,doc_15,read_phi,phi_rec_153,diagnosis,evt_benign_576
2025-04-20T08:13:29.757706,doc_15,read_phi,phi_rec_35,diagnosis,evt_benign_731
2025-04-20T18:26:23.458998,doc_16,read_phi,phi_rec_170,diagnosis,evt_benign_463
2025-04-20T19:12:25.856064,doc_0,read_phi,phi_rec_156,diagnosis,evt_benign_846
2025-04-20T20:01:31.880675,doc_7,read_phi,phi_rec_102,diagnosis,evt_benign_737
2025-04-21T06:14:53.763415,doc_19,read_phi,phi_rec_88,diagnosis,evt_benign_926
2025-04-21T10:46:27.752437,doc_18,read_phi,phi_rec_74,diagnosis,evt_benign_709
2025-04-21T23:35:58.255620,doc_19,read_phi,phi_rec_190,diagnosis,evt_benign_761
2025-04-22T01:48:57.871367,doc_13,read_phi,phi_rec_30,diagnosis,evt_benign_674
2025-04-22T02:01:30.881632,doc_11,read_phi,phi_rec_166,diagnosis,evt_benign_756
2025-04-22T10:43:33.926107,doc_17,read_phi,phi_rec_19,diagnosis,evt_benign_579
2025-04-22T11:57:59.931411,doc_0,read_phi,phi_rec_137,diagnosis,evt_benign_901
2025-04-23T12:30:16.881404,doc_6,read_phi,phi_rec_85,diagnosis,evt_benign_210
2025-04-23T14:13:04.053289,doc_3,read_phi,phi_rec_174,diagnosis,evt_benign_443
2025-04-24T11:36:48.763897,doc_10,read_phi,phi_rec_80,diagnosis,evt_benign_564
2025-04-24T11:37:23.466482,doc_17,read_phi,phi_rec_157,diagnosis,evt_benign_430
2025-04-24T14:46:46.513935,doc_15,read_phi,phi_rec_90,diagnosis,evt_benign_593
2025-04-24T15:19:22.707496,doc_8,read_phi,phi_rec_161,diagnosis,evt_benign_654
2025-04-24T15:52:53.043301,doc_6,read_phi,phi_rec_85,diagnosis,evt_benign_160
2025-04-24T18:52:24.478243,doc_5,read_phi,phi_rec_151,diagnosis,evt_benign_24
2025-04-24T21:53:51.694017,doc_18,read_phi,phi_rec_52,diagnosis,evt_benign_642
2025-04-25T01:58:27.874432,doc_10,read_phi,phi_rec_31,diagnosis,evt_benign_524
2025-04-25T05:38:34.447841,doc_2,read_phi,phi_rec_162,diagnosis,evt_benign_291
2025-04-25T20:15:18.928016,doc_9,read_phi,phi_rec_83,diagnosis,evt_benign_74
2025-04-25T20:38:12.418142,doc_3,read_phi,phi_rec_189,diagnosis,evt_benign_8
2025-04-25T21:19:15.579853,doc_12,read_phi,phi_rec_0,diagnosis,evt_benign_644
2025-04-25T23:01:28.371291,doc_16,read_phi,phi_rec_99,diagnosis,evt_benign_30
2025-04-26T05:07:33.766930,doc_2,read_phi,phi_rec_144,diagnosis,evt_benign_280
2025-04-26T11:02:11.136390,doc_0,read_phi,phi_rec_156,diagnosis,evt_benign_295
2025-04-26T21:36:46.339813,doc_15,read_phi,phi_rec_90,diagnosis,evt_benign_853
2025-04-27T05:07:23.695584,doc_8,read_phi,phi_rec_38,diagnosis,evt_benign_395
2025-04-27T11:20:15.806914,doc_8,read_phi,phi_rec_18,diagnosis,evt_benign_581
2025-04-28T03:58:44.193830,doc_3,read_phi,phi_rec_23,diagnosis,evt_benign_468
2025-04-28T05:35:35.751083,doc_10,read_phi,phi_rec_25,diagnosis,evt_benign_99
2025-04-28T10:20:39.251700,doc_11,read_phi,phi_rec_29,diagnosis,evt_benign_204
2025-04-28T18:10:16.193304,doc_0,read_phi,phi_rec_120,diagnosis,evt_benign_314
2025-04-29T02:14:16.103417,doc_12,read_phi,phi_rec_175,diagnosis,evt_benign_775
2025-04-29T03:19:43.451812,doc_2,read_phi,phi_rec_136,diagnosis,evt_benign_717
2025-04-29T04:00:32.453281,doc_16,read_phi,phi_rec_99,diagnosis,evt_benign_440
2025-04-29T12:45:00.962686,doc_10,read_phi,phi_rec_49,diagnosis,evt_benign_420
2025-04-29T22:51:15.766688,doc_16,read_phi,phi_rec_61,diagnosis,evt_benign_41
2025-04-30T04:39:58.195622,doc_11,read_phi,phi_rec_9,diagnosis,evt_benign_208
2025-04-30T05:20:19.214218,doc_19,read_phi,phi_rec_72,diagnosis,evt_benign_851
2025-04-30T09:25:40.330871,doc_0,read_phi,phi_rec_193,diagnosis,evt_benign_347
2025-05-01T02:58:55.618977,doc_0,read_phi,phi_rec_137,diagnosis,evt_benign_350
2025-05-01T04:10:18.794450,doc_15,read_phi,phi_rec_153,diagnosis,evt_benign_351
2025-05-02T02:02:49.258827,doc_6,read_phi,phi_rec_85,diagnosis,evt_benign_383
2025-05-02T09:02:00.766082,doc_15,read_phi,phi_rec_179,diagnosis,evt_benign_140
2025-05-02T15:06:31.586572,doc_3,read_phi,phi_rec_189,diagnosis,evt_benign_11
2025-05-02T16:55:05.599313,doc_17,read_phi,phi_rec_73,diagnosis,evt_benign_381
2025-05-03T03:39:55.580929,doc_10,read_phi,phi_rec_25,diagnosis,evt_benign_404
2025-05-03T09:55:43.234820,doc_8,read_phi,phi_rec_107,diagnosis,evt_benign_54
2025-05-03T13:44:35.348216,doc_1,read_phi,phi_rec_183,diagnosis,evt_benign_163
2025-05-04T00:35:04.601024,doc_18,read_phi,phi_rec_52,diagnosis,evt_benign_827
2025-05-04T05:12:46.758226,doc_12,read_phi,phi_rec_143,diagnosis,evt_benign_4
2025-05-04T10:05:39.390491,doc_13,read_phi,phi_rec_195,diagnosis,evt_benign_705
2025-05-04T20:35:51.735526,doc_4,read_phi,phi_rec_94,diagnosis,evt_benign_909
2025-05-05T04:23:49.963440,doc_5,read_phi,phi_rec_84,diagnosis,evt_benign_800
2025-05-05T09:15:46.586162,doc_18,read_phi,phi_rec_133,diagnosis,evt_benign_711
2025-05-05T20:59:55.215869,doc_10,read_phi,phi_rec_80,diagnosis,evt_benign_813
2025-05-06T01:55:03.240510,doc_1,read_phi,phi_rec_183,diagnosis,evt_benign_312
2025-05-06T01:56:17.795740,doc_6,read_phi,phi_rec_11,diagnosis,evt_benign_457
2025-05-06T06:43:13.609683,doc_3,read_phi,phi_rec_114,diagnosis,evt_benign_623
2025-05-06T12:41:10.378852,doc_9,read_phi,phi_rec_66,diagnosis,evt_benign_243
2025-05-07T01:19:21.144552,doc_14,read_phi,phi_rec_108,diagnosis,evt_benign_284
2025-05-07T07:45:08.125059,doc_19,read_phi,phi_rec_148,diagnosis,evt_benign_682
2025-05-07T09:47:32.873892,doc_14,read_phi,phi_rec_76,diagnosis,evt_benign_743
2025-05-07T18:58:24.385016,doc_1,read_phi,phi_rec_2,diagnosis,evt_benign_604
2025-05-07T20:54:11.772666,doc_0,read_phi,phi_rec_156,diagnosis,evt_benign_844
2025-05-07T23:10:23.777264,doc_1,read_phi,phi_rec_155,diagnosis,evt_benign_657
2025-05-08T03:28:58.745602,doc_3,read_phi,phi_rec_122,diagnosis,evt_benign_203
2025-05-08T07:57:11.268565,doc_1,read_phi,phi_rec_2,diagnosis,evt_benign_227
2025-05-08T18:35:33.256828,doc_3,read_phi,phi_rec_28,diagnosis,evt_benign_617
2025-05-09T01:15:04.856456,doc_4,read_phi,phi_rec_21,diagnosis,evt_benign_898
2025-05-09T01:28:39.537836,doc_18,read_phi,phi_rec_196,diagnosis,evt_benign_626
2025-05-09T17:48:03.774312,doc_17,read_phi,phi_rec_70,diagnosis,evt_benign_115
2025-05-10T00:50:52.455251,doc_19,read_phi,phi_rec_20,diagnosis,evt_benign_392
2025-05-10T05:10:42.639178,doc_18,read_phi,phi_rec_74,diagnosis,evt_benign_788
2025-05-10T15:22:48.306377,doc_7,read_phi,phi_rec_53,diagnosis,evt_benign_263
2025-05-11T00:32:41.847510,doc_18,read_phi,phi_rec_10,diagnosis,evt_benign_874
2025-05-11T05:00:01.377779,doc_3,read_phi,phi_rec_16,diagnosis,evt_benign_61
2025-05-11T06:49:47.877238,doc_4,read_phi,phi_rec_21,diagnosis,evt_benign_82
2025-05-11T09:34:54.602782,doc_13,read_phi,phi_rec_158,diagnosis,evt_benign_783
2025-05-12T09:29:01.473432,doc_14,read_phi,phi_rec_108,diagnosis,evt_benign_590
2025-05-12T16:19:37.420430,doc_3,read_phi,phi_rec_23,diagnosis,evt_benign_339
2025-05-12T22:23:53.632045,doc_2,read_phi,phi_rec_42,diagnosis,evt_benign_59
2025-05-13T04:25:59.416951,doc_11,read_phi,phi_rec_124,diagnosis,evt_benign_278
2025-05-13T05:40:36.384186,doc_19,read_phi,phi_rec_20,diagnosis,evt_benign_34
2025-05-13T08:14:51.157984,doc_6,read_phi,phi_rec_182,diagnosis,evt_benign_436
2025-05-13T17:41:42.703638,doc_9,read_phi,phi_rec_75,diagnosis,evt_benign_548
2025-05-13T20:31:47.104996,doc_5,read_phi,phi_rec_181,diagnosis,evt_benign_57
2025-05-14T07:15:43.567659,doc_15,read_phi,phi_rec_109,diagnosis,evt_benign_820
2025-05-15T06:00:02.550980,doc_18,read_phi,phi_rec_10,diagnosis,evt_benign_781
2025-05-15T12:31:20.306155,doc_0,read_phi,phi_rec_193,diagnosis,evt_benign_568
2025-05-15T13:31:46.479307,doc_3,read_phi,phi_rec_16,diagnosis,evt_benign_251
2025-05-16T02:30:41.997056,doc_11,read_phi,phi_rec_9,diagnosis,evt_benign_168
2025-05-16T07:09:57.923114,doc_15,read_phi,phi_rec_179,diagnosis,evt_benign_205
2025-05-17T09:49:08.554976,doc_4,read_phi,phi_rec_21,diagnosis,evt_benign_483
2025-05-17T18:28:55.645500,doc_1,read_phi,phi_rec_172,diagnosis,evt_benign_47
2025-05-17T22:11:16.146760,doc_14,read_phi,phi_rec_76,diagnosis,evt_benign_193
2025-05-18T03:44:53.107470,doc_4,read_phi,phi_rec_94,diagnosis,evt_benign_162
2025-05-18T05:58:35.947450,doc_15,read_phi,phi_rec_8,diagnosis,evt_benign_832
2025-05-18T19:16:22.231649,doc_1,read_phi,phi_rec_128,diagnosis,evt_benign_472
2025-05-19T07:14:28.164439,doc_19,read_phi,phi_rec_20,diagnosis,evt_benign_113
2025-05-19T07:16:42.275320,doc_9,read_phi,phi_rec_14,diagnosis,evt_benign_384
2025-05-19T07:54:38.696502,doc_7,read_phi,phi_rec_102,diagnosis,evt_benign_624
2025-05-19T17:33:55.677347,doc_12,read_phi,phi_rec_143,diagnosis,evt_benign_68
2025-05-19T19:18:42.665092,doc_13,read_phi,phi_rec_167,diagnosis,evt_benign_120
2025-05-20T16:57:21.391749,doc_7,read_phi,phi_rec_54,diagnosis,evt_benign_91
2025-05-20T23:37:58.163305,doc_2,read_phi,phi_rec_59,diagnosis,evt_benign_532
2025-05-21T00:16:24.326866,doc_7,read_phi,phi_rec_53,diagnosis,evt_benign_716
2025-05-21T04:04:04.818157,doc_18,read_phi,phi_rec_106,diagnosis,evt_benign_605
2025-05-21T11:46:20.188359,doc_11,read_phi,phi_rec_145,diagnosis,evt_benign_365
2025-05-21T14:16:54.178349,doc_19,read_phi,phi_rec_20,diagnosis,evt_benign_9
2025-05-21T22:59:46.508385,doc_3,read_phi,phi_rec_16,diagnosis,evt_benign_315
2025-05-22T02:07:57.355093,doc_16,read_phi,phi_rec_99,diagnosis,evt_benign_822
2025-05-22T07:40:14.977499,doc_11,read_phi,phi_rec_9,diagnosis,evt_benign_398
2025-05-22T08:29:27.656277,doc_2,read_phi,phi_rec_50,diagnosis,evt_benign_693
2025-05-22T11:56:02.108964,doc_18,read_phi,phi_rec_10,diagnosis,evt_benign_265
2025-05-22T14:46:37.557087,doc_17,read_phi,phi_rec_40,diagnosis,evt_benign_64
2025-05-23T03:24:36.163959,doc_10,read_phi,phi_rec_80,diagnosis,evt_benign_89
2025-05-23T10:30:22.480308,doc_19,read_phi,phi_rec_190,diagnosis,evt_benign_839
2025-05-23T10:42:19.274380,doc_7,read_phi,phi_rec_163,diagnosis,evt_benign_638
2025-05-24T11:51:03.424224,doc_0,read_phi,phi_rec_120,diagnosis,evt_benign_612
2025-05-24T16:55:23.546628,doc_19,read_phi,phi_rec_135,diagnosis,evt_benign_66
2025-05-24T19:50:29.111377,doc_15,read_phi,phi_rec_35,diagnosis,evt_benign_157
2025-05-25T02:07:43.139594,doc_17,read_phi,phi_rec_65,diagnosis,evt_benign_924
2025-05-25T06:23:05.643790,doc_1,read_phi,phi_rec_172,diagnosis,evt_benign_393
2025-05-26T01:47:38.315339,doc_16,read_phi,phi_rec_61,diagnosis,evt_benign_928
2025-05-26T08:49:32.419663,doc_15,read_phi,phi_rec_179,diagnosis,evt_benign_63
2025-05-26T15:18:21.109359,doc_8,read_phi,phi_rec_161,diagnosis,evt_benign_857
2025-05-26T17:24:38.571385,doc_15,read_phi,phi_rec_179,diagnosis,evt_benign_787
2025-05-26T18:26:31.942197,doc_8,read_phi,phi_rec_18,diagnosis,evt_benign_515
2025-05-27T03:03:41.069845,doc_17,read_phi,phi_rec_34,diagnosis,evt_benign_119
2025-05-27T22:54:47.558342,doc_16,read_phi,phi_rec_99,diagnosis,evt_benign_354
2025-05-28T00:55:57.334691,doc_19,read_phi,phi_rec_190,diagnosis,evt_benign_442
2025-05-28T04:45:02.895093,doc_13,read_phi,phi_rec_30,diagnosis,evt_benign_702
2025-05-28T05:22:12.915836,doc_6,read_phi,phi_rec_33,diagnosis,evt_benign_27
2025-05-28T10:28:57.645318,doc_0,read_phi,phi_rec_156,diagnosis,evt_benign_427
2025-05-28T14:44:20.507290,doc_19,read_phi,phi_rec_135,diagnosis,evt_benign_703
2025-05-28T16:16:48.260496,doc_11,read_phi,phi_rec_9,diagnosis,evt_benign_72
2025-05-28T16:20:14.926400,doc_0,read_phi,phi_rec_156,diagnosis,evt_benign_98
2025-05-29T19:02:38.582055,doc_11,read_phi,phi_rec_166,diagnosis,evt_benign_433
2025-05-30T00:38:46.596372,doc_6,read_phi,phi_rec_71,diagnosis,evt_benign_14
2025-05-30T02:45:58.450491,doc_19,read_phi,phi_rec_140,diagnosis,evt_benign_585
2025-05-30T13:01:51.027452,doc_7,read_phi,phi_rec_123,diagnosis,evt_benign_925
2025-05-30T13:11:32.706611,doc_2,read_phi,phi_rec_96,diagnosis,evt_benign_272
2025-05-30T15:09:05.164069,doc_13,read_phi,phi_rec_127,diagnosis,evt_benign_665
2025-05-30T16:18:30.510210,doc_3,read_phi,phi_rec_122,diagnosis,evt_benign_181
2025-05-30T16:41:11.247045,doc_11,read_phi,phi_rec_29,diagnosis,evt_benign_652
2025-05-30T21:51:52.447848,doc_8,read_phi,phi_rec_100,diagnosis,evt_benign_448
2025-06-01T00:00:00,doc_2,read_phi,phi_rec_159,diagnosis,evt_dur_9
2025-06-01T01:04:33.595431,doc_7,read_phi,phi_rec_82,diagnosis,evt_benign_302
2025-06-01T03:22:33.462417,doc_10,read_phi,phi_rec_47,diagnosis,evt_benign_625
2025-06-01T07:22:06.444269,doc_8,read_phi,phi_rec_89,diagnosis,evt_benign_878
2025-06-01T11:18:42.500661,doc_10,read_phi,phi_rec_47,diagnosis,evt_benign_816
2025-06-01T13:02:32.207989,doc_14,read_phi,phi_rec_36,diagnosis,evt_benign_634
2025-06-01T13:40:31.690207,doc_5,read_phi,phi_rec_151,diagnosis,evt_benign_589
2025-06-01T14:04:27.997396,doc_7,read_phi,phi_rec_163,diagnosis,evt_benign_840
2025-06-01T19:43:30.102265,doc_10,read_phi,phi_rec_31,diagnosis,evt_benign_434
2025-06-01T20:46:19.980984,doc_7,read_phi,phi_rec_48,diagnosis,evt_benign_100
2025-06-02T06:47:26.279266,doc_19,read_phi,phi_rec_72,diagnosis,evt_benign_710
2025-06-02T09:17:46.716289,doc_10,read_phi,phi_rec_31,diagnosis,evt_benign_444
2025-06-02T13:47:07.394523,doc_2,read_phi,phi_rec_144,diagnosis,evt_benign_216
2025-06-02T17:35:51.278675,doc_11,read_phi,phi_rec_29,diagnosis,evt_benign_180
2025-06-02T22:29:30.363308,doc_11,read_phi,phi_rec_110,diagnosis,evt_benign_628
2025-06-03T00:50:22.124140,doc_17,read_phi,phi_rec_65,diagnosis,evt_benign_118
2025-06-03T06:08:11.207187,doc_4,read_phi,phi_rec_94,diagnosis,evt_benign_528
2025-06-03T12:12:41.617402,doc_10,read_phi,phi_rec_47,diagnosis,evt_benign_552
2025-06-03T14:09:48.905712,doc_15,read_phi,phi_rec_179,diagnosis,evt_benign_580
2025-06-03T14:43:05.290075,doc_2,read_phi,phi_rec_77,diagnosis,evt_benign_190
2025-06-03T18:37:04.316417,doc_2,read_phi,phi_rec_136,diagnosis,evt_benign_700
2025-06-03T23:16:24.042802,doc_16,read_phi,phi_rec_37,diagnosis,evt_benign_305
2025-06-04T06:34:36.118574,doc_16,read_phi,phi_rec_101,diagnosis,evt_benign_261
2025-06-04T11:27:23.202220,doc_8,read_phi,phi_rec_161,diagnosis,evt_benign_413
2025-06-05T11:49:09.209191,doc_5,read_phi,phi_rec_84,diagnosis,evt_benign_803
2025-06-05T21:49:06.108699,doc_11,read_phi,phi_rec_145,diagnosis,evt_benign_137
2025-06-06T11:21:04.383358,doc_3,read_phi,phi_rec_142,diagnosis,evt_benign_230
2025-06-06T20:07:48.898049,doc_0,read_phi,phi_rec_149,diagnosis,evt_benign_244
2025-06-06T20:25:02.191192,doc_19,read_phi,phi_rec_78,diagnosis,evt_benign_185
2025-06-07T03:28:59.223062,doc_13,read_phi,phi_rec_158,diagnosis,evt_benign_647
2025-06-07T07:35:01.038024,doc_7,read_phi,phi_rec_131,diagnosis,evt_benign_849
2025-06-07T14:01:25.806695,doc_13,read_phi,phi_rec_1,diagnosis,evt_benign_882
2025-06-07T18:21:57.249403,doc_11,read_phi,phi_rec_199,diagnosis,evt_benign_724
2025-06-07T22:36:46.891003,doc_6,read_phi,phi_rec_51,diagnosis,evt_benign_258
2025-06-08T02:47:16.438847,doc_19,read_phi,phi_rec_32,diagnosis,evt_benign_379
2025-06-08T06:07:04.461298,doc_10,read_phi,phi_rec_126,diagnosis,evt_benign_73
2025-06-08T07:59:55.133194,doc_12,read_phi,phi_rec_98,diagnosis,evt_benign_401
2025-06-08T12:53:45.333668,doc_18,read_phi,phi_rec_180,diagnosis,evt_benign_869
2025-06-08T23:14:47.973545,doc_10,read_phi,phi_rec_117,diagnosis,evt_benign_798
2025-06-09T02:51:33.371827,doc_1,read_phi,phi_rec_183,diagnosis,evt_benign_93
2025-06-09T04:57:33.548385,doc_3,read_phi,phi_rec_114,diagnosis,evt_benign_809
2025-06-09T06:21:08.042759,doc_5,read_phi,phi_rec_192,diagnosis,evt_benign_850
2025-06-09T14:08:27.678568,doc_7,read_phi,phi_rec_123,diagnosis,evt_benign_198
2025-06-10T15:06:01.820892,doc_11,read_phi,phi_rec_199,diagnosis,evt_benign_471
2025-06-11T00:00:00,doc_2,read_phi,phi_rec_158,diagnosis,evt_dur_8
2025-06-11T00:35:53.217330,doc_6,read_phi,phi_rec_85,diagnosis,evt_benign_39
2025-06-11T01:12:23.418678,doc_7,read_phi,phi_rec_123,diagnosis,evt_benign_640
2025-06-11T05:32:23.432665,doc_0,read_phi,phi_rec_120,diagnosis,evt_benign_662
2025-06-11T11:40:27.073948,doc_18,read_phi,phi_rec_106,diagnosis,evt_benign_352
2025-06-11T20:26:48.293159,doc_4,read_phi,phi_rec_55,diagnosis,evt_benign_871
2025-06-12T02:33:10.870944,doc_0,read_phi,phi_rec_137,diagnosis,evt_benign_150
2025-06-12T02:42:39.691948,doc_8,read_phi,phi_rec_121,diagnosis,evt_benign_746
2025-06-12T07:46:38.600183,doc_11,read_phi,phi_rec_199,diagnosis,evt_benign_423
2025-06-12T09:01:22.431859,doc_19,read_phi,phi_rec_88,diagnosis,evt_benign_509
2025-06-12T14:09:03.751283,doc_6,read_phi,phi_rec_33,diagnosis,evt_benign_814
2025-06-12T15:31:05.130057,doc_2,read_phi,phi_rec_111,diagnosis,evt_benign_807
2025-06-12T23:09:04.033395,doc_2,read_phi,phi_rec_96,diagnosis,evt_benign_153
2025-06-13T03:18:39.139442,doc_8,read_phi,phi_rec_38,diagnosis,evt_benign_329
2025-06-13T10:35:09.125624,doc_4,read_phi,phi_rec_21,diagnosis,evt_benign_594
2025-06-13T12:31:50.845150,doc_4,read_phi,phi_rec_21,diagnosis,evt_benign_221
2025-06-13T12:51:24.219611,doc_11,read_phi,phi_rec_9,diagnosis,evt_benign_385
2025-06-13T17:05:09.778849,doc_4,read_phi,phi_rec_21,diagnosis,evt_benign_316
2025-06-13T20:42:43.669110,doc_14,read_phi,phi_rec_191,diagnosis,evt_benign_345
2025-06-14T00:02:06.403848,doc_19,read_phi,phi_rec_113,diagnosis,evt_benign_727
2025-06-14T00:31:39.153864,doc_15,read_phi,phi_rec_115,diagnosis,evt_benign_116
2025-06-14T02:53:07.145964,doc_11,read_phi,phi_rec_29,diagnosis,evt_benign_250
2025-06-14T02:56:28.628625,doc_8,read_phi,phi_rec_161,diagnosis,evt_benign_455
2025-06-14T11:45:04.732263,doc_11,read_phi,phi_rec_9,diagnosis,evt_benign_447
2025-06-14T18:17:05.948360,doc_2,read_phi,phi_rec_77,diagnosis,evt_benign_920
2025-06-14T20:09:47.023916,doc_2,read_phi,phi_rec_91,diagnosis,evt_benign_23
2025-06-15T09:32:20.704683,doc_18,read_phi,phi_rec_180,diagnosis,evt_benign_660
2025-06-15T10:14:32.334946,doc_9,read_phi,phi_rec_7,diagnosis,evt_benign_492
2025-06-15T11:33:50.491805,doc_7,read_phi,phi_rec_82,diagnosis,evt_benign_900
2025-06-15T20:33:02.001025,doc_10,read_phi,phi_rec_47,diagnosis,evt_benign_569
2025-06-17T10:07:10.346839,doc_11,read_phi,phi_rec_178,diagnosis,evt_benign_645
2025-06-17T15:55:17.399413,doc_2,read_phi,phi_rec_59,diagnosis,evt_benign_833
2025-06-17T23:37:57.679782,doc_6,read_phi,phi_rec_118,diagnosis,evt_benign_636
2025-06-18T03:19:37.138318,doc_16,read_phi,phi_rec_101,diagnosis,evt_benign_111
2025-06-18T08:08:17.055311,doc_11,read_phi,phi_rec_29,diagnosis,evt_benign_478
2025-06-18T10:58:05.019856,doc_14,read_phi,phi_rec_76,diagnosis,evt_benign_584
2025-06-18T14:27:32.990455,doc_17,read_phi,phi_rec_56,diagnosis,evt_benign_296
2025-06-18T14:58:57.741958,doc_6,read_phi,phi_rec_139,diagnosis,evt_benign_668
2025-06-19T00:27:45.881887,doc_19,read_phi,phi_rec_173,diagnosis,evt_benign_257
2025-06-19T03:22:57.161397,doc_10,read_phi,phi_rec_25,diagnosis,evt_benign_196
2025-06-19T04:23:31.208003,doc_3,read_phi,phi_rec_114,diagnosis,evt_benign_326
2025-06-19T12:34:28.710596,doc_11,read_phi,phi_rec_178,diagnosis,evt_benign_858
2025-06-19T12:57:03.439240,doc_16,read_phi,phi_rec_37,diagnosis,evt_benign_808
2025-06-19T16:36:42.018263,doc_15,read_phi,phi_rec_26,diagnosis,evt_benign_718
2025-06-19T21:16:43.474511,doc_3,read_phi,phi_rec_63,diagnosis,evt_benign_704
2025-06-19T23:21:33.065128,doc_6,read_phi,phi_rec_33,diagnosis,evt_benign_84
2025-06-20T05:12:17.080957,doc_7,read_phi,phi_rec_163,diagnosis,evt_benign_592
2025-06-20T06:45:04.300812,doc_6,read_phi,phi_rec_11,diagnosis,evt_benign_58
2025-06-20T19:51:35.096607,doc_17,read_phi,phi_rec_134,diagnosis,evt_benign_681
2025-06-21T00:00:00,doc_2,read_phi,phi_rec_157,diagnosis,evt_dur_7
2025-06-21T16:16:35.983754,doc_13,read_phi,phi_rec_30,diagnosis,evt_benign_259
2025-06-21T16:59:11.680432,doc_8,read_phi,phi_rec_177,diagnosis,evt_benign_752
2025-06-22T11:08:32.359717,doc_16,read_phi,phi_rec_187,diagnosis,evt_benign_182
2025-06-22T20:13:10.951898,doc_9,read_phi,phi_rec_198,diagnosis,evt_benign_422
2025-06-22T21:00:10.241680,doc_17,read_phi,phi_rec_56,diagnosis,evt_benign_224
2025-06-23T01:40:24.505958,doc_17,read_phi,phi_rec_65,diagnosis,evt_benign_366
2025-06-23T03:48:02.380718,doc_2,read_phi,phi_rec_50,diagnosis,evt_benign_270
2025-06-23T10:46:18.862178,doc_3,read_phi,phi_rec_152,diagnosis,evt_benign_36
2025-06-24T03:11:14.617543,doc_18,read_phi,phi_rec_106,diagnosis,evt_benign_496
2025-06-24T15:06:51.528071,doc_4,read_phi,phi_rec_15,diagnosis,evt_benign_757
2025-06-24T20:36:23.011158,doc_7,read_phi,phi_rec_163,diagnosis,evt_benign_218
2025-06-24T22:00:56.602982,doc_17,read_phi,phi_rec_65,diagnosis,evt_benign_868
2025-06-25T01:50:48.781185,doc_11,read_phi,phi_rec_110,diagnosis,evt_benign_864
2025-06-25T05:32:46.089297,doc_13,read_phi,phi_rec_195,diagnosis,evt_benign_669
2025-06-25T11:47:45.738976,doc_2,read_phi,phi_rec_96,diagnosis,evt_benign_560
2025-06-25T21:20:48.594972,doc_17,read_phi,phi_rec_73,diagnosis,evt_benign_21
2025-06-26T06:56:01.150995,doc_11,read_phi,phi_rec_166,diagnosis,evt_benign_103
2025-06-26T07:33:52.571547,doc_10,read_phi,phi_rec_117,diagnosis,evt_benign_146
2025-06-26T11:42:11.367332,doc_6,read_phi,phi_rec_11,diagnosis,evt_benign_875
2025-06-26T12:24:11.300342,doc_19,read_phi,phi_rec_20,diagnosis,evt_benign_910
2025-06-26T13:07:49.647831,doc_4,read_phi,phi_rec_21,diagnosis,evt_benign_835
2025-06-26T15:00:24.752669,doc_17,read_phi,phi_rec_73,diagnosis,evt_benign_794
2025-06-26T23:04:18.163721,doc_9,read_phi,phi_rec_198,diagnosis,evt_benign_489
2025-06-27T01:47:59.039551,doc_18,read_phi,phi_rec_180,diagnosis,evt_benign_299
2025-06-27T06:43:32.760155,doc_19,read_phi,phi_rec_190,diagnosis,evt_benign_747
2025-06-27T06:55:26.039384,doc_18,read_phi,phi_rec_81,diagnosis,evt_benign_899
2025-06-27T09:30:23.675524,doc_2,read_phi,phi_rec_111,diagnosis,evt_benign_797
2025-06-27T16:26:49.204871,doc_9,read_phi,phi_rec_165,diagnosis,evt_benign_805
2025-06-28T13:14:35.138880,doc_18,read_phi,phi_rec_141,diagnosis,evt_benign_549
2025-06-28T17:15:58.316196,doc_10,read_phi,phi_rec_69,diagnosis,evt_benign_170
2025-06-28T19:16:27.397567,doc_1,read_phi,phi_rec_183,diagnosis,evt_benign_799
2025-06-28T19:27:39.985363,doc_5,read_phi,phi_rec_192,diagnosis,evt_benign_661
2025-06-29T14:17:34.252180,doc_4,read_phi,phi_rec_55,diagnosis,evt_benign_650
2025-06-30T00:26:52.119040,doc_5,read_phi,phi_rec_125,diagnosis,evt_benign_389
2025-06-30T02:26:07.125558,doc_5,read_phi,phi_rec_86,diagnosis,evt_benign_894
2025-06-30T12:59:44.946574,doc_5,read_phi,phi_rec_192,diagnosis,evt_benign_256
2025-06-30T17:14:44.171496,doc_1,read_phi,phi_rec_39,diagnosis,evt_benign_308
2025-07-01T00:00:00,doc_2,read_phi,phi_rec_156,diagnosis,evt_dur_6
2025-07-01T03:20:05.982150,doc_6,read_phi,phi_rec_71,diagnosis,evt_benign_671
2025-07-01T21:55:28.328064,doc_17,read_phi,phi_rec_134,diagnosis,evt_benign_771
2025-07-01T22:06:03.823412,doc_5,read_phi,phi_rec_181,diagnosis,evt_benign_539
2025-07-02T00:12:32.366764,doc_1,read_phi,phi_rec_95,diagnosis,evt_benign_610
2025-07-02T01:43:26.017767,doc_13,read_phi,phi_rec_127,diagnosis,evt_benign_206
2025-07-02T03:34:17.460643,doc_6,read_phi,phi_rec_139,diagnosis,evt_benign_13
2025-07-02T08:16:05.606342,doc_18,read_phi,phi_rec_133,diagnosis,evt_benign_462
2025-07-02T13:58:51.904754,doc_7,read_phi,phi_rec_119,diagnosis,evt_benign_76
2025-07-02T15:23:00.510000,doc_18,read_phi,phi_rec_106,diagnosis,evt_benign_387
2025-07-02T16:00:29.759784,doc_5,read_phi,phi_rec_168,diagnosis,evt_benign_1
2025-07-03T03:38:47.287117,doc_4,read_phi,phi_rec_93,diagnosis,evt_benign_837
2025-07-03T04:21:34.616191,doc_3,read_phi,phi_rec_63,diagnosis,evt_benign_595
2025-07-03T15:22:44.960726,doc_8,read_phi,phi_rec_161,diagnosis,evt_benign_597
2025-07-04T08:59:41.706970,doc_5,read_phi,phi_rec_181,diagnosis,evt_benign_829
2025-07-04T11:18:46.468819,doc_4,read_phi,phi_rec_55,diagnosis,evt_benign_765
2025-07-05T00:02:02.603322,doc_1,read_phi,phi_rec_169,diagnosis,evt_benign_573
2025-07-05T05:46:50.005905,doc_14,read_phi,phi_rec_36,diagnosis,evt_benign_588
2025-07-06T11:46:03.175013,doc_18,read_phi,phi_rec_106,diagnosis,evt_benign_488
2025-07-06T17:27:20.796119,doc_16,read_phi,phi_rec_99,diagnosis,evt_benign_831
2025-07-07T02:48:45.698684,doc_19,read_phi,phi_rec_32,diagnosis,evt_benign_439
2025-07-07T06:44:50.257238,doc_6,read_phi,phi_rec_33,diagnosis,evt_benign_321
2025-07-07T15:08:04.914127,doc_3,read_phi,phi_rec_63,diagnosis,evt_benign_630
2025-07-07T20:01:29.246373,doc_19,read_phi,phi_rec_78,diagnosis,evt_benign_477
2025-07-08T07:52:16.857955,doc_16,read_phi,phi_rec_12,diagnosis,evt_benign_830
2025-07-08T11:44:52.768214,doc_17,read_phi,phi_rec_65,diagnosis,evt_benign_460
2025-07-08T19:43:37.884001,doc_5,read_phi,phi_rec_192,diagnosis,evt_benign_792
2025-07-08T21:29:27.740318,doc_8,read_phi,phi_rec_3,diagnosis,evt_benign_6
2025-07-08T23:37:09.949462,doc_2,read_phi,phi_rec_77,diagnosis,evt_benign_363
2025-07-09T06:34:22.263805,doc_16,read_phi,phi_rec_170,diagnosis,evt_benign_860
2025-07-09T07:16:09.263648,doc_18,read_phi,phi_rec_10,diagnosis,evt_benign_458
2025-07-09T14:09:12.005323,doc_18,read_phi,phi_rec_74,diagnosis,evt_benign_726
2025-07-09T19:56:57.019298,doc_8,read_phi,phi_rec_188,diagnosis,evt_benign_919
2025-07-09T22:49:05.619630,doc_18,read_phi,phi_rec_116,diagnosis,evt_benign_631
2025-07-10T01:04:06.909983,doc_19,read_phi,phi_rec_113,diagnosis,evt_benign_449
2025-07-10T05:31:46.141246,doc_15,read_phi,phi_rec_26,diagnosis,evt_benign_686
2025-07-10T06:48:27.663691,doc_11,read_phi,phi_rec_145,diagnosis,evt_benign_464
2025-07-10T07:10:49.264416,doc_15,read_phi,phi_rec_26,diagnosis,evt_benign_269
2025-07-10T15:22:35.704292,doc_15,read_phi,phi_rec_90,diagnosis,evt_benign_396
2025-07-10T22:17:44.707112,doc_10,read_phi,phi_rec_47,diagnosis,evt_benign_614
2025-07-10T22:54:12.298960,doc_4,read_phi,phi_rec_21,diagnosis,evt_benign_240
2025-07-11T00:00:00,pat_45,request_access,phi_rec_45,,acc_01_ok
2025-07-11T00:00:00,doc_2,read_phi,phi_rec_155,diagnosis,evt_dur_5
2025-07-11T04:35:32.231793,doc_1,read_phi,phi_rec_172,diagnosis,evt_benign_96
2025-07-11T11:52:04.470146,doc_6,read_phi,phi_rec_71,diagnosis,evt_benign_106
2025-07-11T13:03:58.597654,doc_13,read_phi,phi_rec_30,diagnosis,evt_benign_735
2025-07-11T18:04:51.558476,doc_18,read_phi,phi_rec_74,diagnosis,evt_benign_570
2025-07-11T23:03:16.054787,doc_15,read_phi,phi_rec_62,diagnosis,evt_benign_566
2025-07-12T07:58:33.531119,doc_7,read_phi,phi_rec_119,diagnosis,evt_benign_400
2025-07-12T15:23:22.440710,doc_7,read_phi,phi_rec_48,diagnosis,evt_benign_452
2025-07-12T23:31:05.802991,doc_18,read_phi,phi_rec_10,diagnosis,evt_benign_130
2025-07-13T13:35:24.181133,doc_15,read_phi,phi_rec_8,diagnosis,evt_benign_50
2025-07-13T20:35:36.541077,doc_3,read_phi,phi_rec_28,diagnosis,evt_benign_536
2025-07-14T00:16:51.425196,doc_11,read_phi,phi_rec_166,diagnosis,evt_benign_33
2025-07-14T00:45:22.235623,doc_7,read_phi,phi_rec_123,diagnosis,evt_benign_386
2025-07-14T05:17:40.885460,doc_19,read_phi,phi_rec_78,diagnosis,evt_benign_930
2025-07-14T08:36:17.909956,doc_1,read_phi,phi_rec_172,diagnosis,evt_benign_917
2025-07-14T10:47:50.542292,doc_9,read_phi,phi_rec_64,diagnosis,evt_benign_688
2025-07-14T12:00:29.943993,doc_6,read_phi,phi_rec_85,diagnosis,evt_benign_367
2025-07-14T23:16:17.521412,doc_14,read_phi,phi_rec_76,diagnosis,evt_benign_759
2025-07-14T23:31:16.460300,doc_8,read_phi,phi_rec_188,diagnosis,evt_benign_211
2025-07-15T03:35:14.007112,doc_16,read_phi,phi_rec_99,diagnosis,evt_benign_819
2025-07-15T05:15:25.544157,doc_13,read_phi,phi_rec_158,diagnosis,evt_benign_411
2025-07-15T06:17:47.374815,doc_7,read_phi,phi_rec_123,diagnosis,evt_benign_18
2025-07-15T06:29:27.287324,doc_17,read_phi,phi_rec_19,diagnosis,evt_benign_456
2025-07-15T14:27:37.620034,doc_7,read_phi,phi_rec_102,diagnosis,evt_benign_86
2025-07-15T19:00:28.687651,doc_1,read_phi,phi_rec_39,diagnosis,evt_benign_213
2025-07-16T00:00:00,doc_2,read_phi,phi_rec_15,billing,evt_erasure_single
2025-07-16T06:52:34.814198,doc_3,read_phi,phi_rec_114,diagnosis,evt_benign_60
2025-07-16T15:14:28.861263,doc_15,read_phi,phi_rec_46,diagnosis,evt_benign_108
2025-07-16T16:45:01.234022,doc_10,read_phi,phi_rec_47,diagnosis,evt_benign_836
2025-07-17T03:59:48.174823,doc_5,read_phi,phi_rec_168,diagnosis,evt_benign_359
2025-07-17T09:08:05.090692,doc_8,read_phi,phi_rec_18,diagnosis,evt_benign_504
2025-07-17T11:22:34.104129,doc_8,read_phi,phi_rec_107,diagnosis,evt_benign_475
2025-07-17T18:41:19.991365,doc_7,read_phi,phi_rec_48,diagnosis,evt_benign_914
2025-07-18T00:41:29.009880,doc_1,read_phi,phi_rec_132,diagnosis,evt_benign_859
2025-07-18T06:40:42.522649,doc_12,read_phi,phi_rec_98,diagnosis,evt_benign_226
2025-07-18T18:54:12.052171,doc_11,read_phi,phi_rec_178,diagnosis,evt_benign_38
2025-07-18T23:49:45.241160,doc_11,read_phi,phi_rec_178,diagnosis,evt_benign_394
2025-07-19T20:53:36.459175,doc_19,read_phi,phi_rec_17,diagnosis,evt_benign_772
2025-07-20T00:22:36.953251,doc_15,read_phi,phi_rec_179,diagnosis,evt_benign_416
2025-07-20T11:07:49.954312,doc_16,read_phi,phi_rec_37,diagnosis,evt_benign_811
2025-07-20T23:28:22.550156,doc_2,read_phi,phi_rec_59,diagnosis,evt_benign_843
2025-07-21T00:00:00,pat_35,request_access,phi_rec_35,,acc_02_bad
2025-07-21T00:00:00,doc_2,read_phi,phi_rec_154,diagnosis,evt_dur_4
2025-07-21T21:01:56.037181,doc_11,read_phi,phi_rec_199,diagnosis,evt_benign_166
2025-07-22T00:52:51.071083,doc_7,read_phi,phi_rec_163,diagnosis,evt_benign_147
2025-07-22T11:20:59.434854,doc_19,read_phi,phi_rec_88,diagnosis,evt_benign_913
2025-07-22T15:28:00.321306,doc_14,read_phi,phi_rec_171,diagnosis,evt_benign_292
2025-07-23T00:03:21.469736,doc_3,read_phi,phi_rec_129,diagnosis,evt_benign_364
2025-07-23T00:47:23.750314,doc_7,read_phi,phi_rec_48,diagnosis,evt_benign_79
2025-07-23T09:26:02.047362,doc_12,read_phi,phi_rec_98,diagnosis,evt_benign_375
2025-07-23T12:08:09.561195,doc_16,read_phi,phi_rec_99,diagnosis,evt_benign_0
2025-07-23T15:55:43.311663,doc_13,read_phi,phi_rec_30,diagnosis,evt_benign_101
2025-07-23T17:56:09.059893,doc_6,read_phi,phi_rec_150,diagnosis,evt_benign_154
2025-07-24T07:33:51.746067,doc_10,read_phi,phi_rec_117,diagnosis,evt_benign_855
2025-07-24T17:25:36.561496,doc_19,read_phi,phi_rec_173,diagnosis,evt_benign_87
2025-07-25T04:00:54.927614,doc_0,read_phi,phi_rec_156,diagnosis,evt_benign_399
2025-07-25T19:10:40.893280,doc_0,read_phi,phi_rec_149,diagnosis,evt_benign_235
2025-07-27T01:00:36.795398,doc_12,read_phi,phi_rec_98,diagnosis,evt_benign_801
2025-07-27T01:28:18.192913,doc_3,read_phi,phi_rec_152,diagnosis,evt_benign_516
2025-07-27T05:33:56.568782,doc_8,read_phi,phi_rec_38,diagnosis,evt_benign_407
2025-07-27T06:12:27.382761,doc_4,read_phi,phi_rec_55,diagnosis,evt_benign_749
2025-07-27T14:06:20.457496,doc_4,read_phi,phi_rec_94,diagnosis,evt_benign_241
2025-07-28T01:28:22.292752,doc_12,read_phi,phi_rec_98,diagnosis,evt_benign_421
2025-07-28T02:56:26.209835,doc_15,read_phi,phi_rec_194,diagnosis,evt_benign_325
2025-07-28T12:57:09.440032,doc_14,read_phi,phi_rec_191,diagnosis,evt_benign_31
2025-07-28T23:21:46.602895,doc_14,read_phi,phi_rec_108,diagnosis,evt_benign_659
2025-07-29T02:12:52.032421,doc_14,read_phi,phi_rec_57,diagnosis,evt_benign_42
2025-07-29T09:26:53.400566,doc_7,read_phi,phi_rec_48,diagnosis,evt_benign_908
2025-07-29T09:41:25.786325,doc_3,read_phi,phi_rec_67,diagnosis,evt_benign_370
2025-07-29T18:48:20.183459,doc_2,read_phi,phi_rec_96,diagnosis,evt_benign_45
2025-07-29T22:23:59.427577,doc_14,read_phi,phi_rec_171,diagnosis,evt_benign_777
2025-07-30T02:51:37.532700,doc_2,read_phi,phi_rec_42,diagnosis,evt_benign_246
2025-07-30T06:44:26.990656,doc_2,read_phi,phi_rec_91,diagnosis,evt_benign_454
2025-07-30T10:17:01.071265,doc_2,read_phi,phi_rec_59,diagnosis,evt_benign_667
2025-07-30T13:12:49.382782,doc_1,read_phi,phi_rec_132,diagnosis,evt_benign_231
2025-07-30T21:05:40.060615,doc_12,read_phi,phi_rec_175,diagnosis,evt_benign_212
2025-07-30T23:26:56.031605,doc_5,read_phi,phi_rec_84,diagnosis,evt_benign_192
2025-07-31T00:00:00,doc_2,read_phi,phi_rec_153,diagnosis,evt_dur_3
2025-07-31T00:00:00,hospital_system,provide_data,,,acc_01_ok
2025-07-31T07:14:23.369420,doc_16,read_phi,phi_rec_12,diagnosis,evt_benign_77
2025-07-31T11:12:50.088681,doc_19,read_phi,phi_rec_17,diagnosis,evt_benign_707
2025-07-31T12:21:56.431800,doc_15,read_phi,phi_rec_109,diagnosis,evt_benign_346
2025-08-01T09:18:14.196760,doc_9,read_phi,phi_rec_75,diagnosis,evt_benign_441
2025-08-01T18:18:04.890440,doc_11,read_phi,phi_rec_178,diagnosis,evt_benign_734
2025-08-01T23:25:30.073496,doc_9,read_phi,phi_rec_14,diagnosis,evt_benign_601
2025-08-02T00:20:02.011828,doc_15,read_phi,phi_rec_109,diagnosis,evt_benign_207
2025-08-03T03:20:40.318219,doc_2,read_phi,phi_rec_77,diagnosis,evt_benign_655
2025-08-03T04:39:27.501060,doc_3,read_phi,phi_rec_129,diagnosis,evt_benign_476
2025-08-04T01:48:32.235173,doc_17,read_phi,phi_rec_56,diagnosis,evt_benign_887
2025-08-04T07:37:42.856493,doc_2,read_phi,phi_rec_91,diagnosis,evt_benign_506
2025-08-04T13:12:29.941895,doc_14,read_phi,phi_rec_191,diagnosis,evt_benign_300
2025-08-04T16:54:19.395345,doc_18,read_phi,phi_rec_106,diagnosis,evt_benign_88
2025-08-05T05:24:37.622733,doc_12,read_phi,phi_rec_0,diagnosis,evt_benign_678
2025-08-05T08:09:14.461361,doc_10,read_phi,phi_rec_47,diagnosis,evt_benign_534
2025-08-05T11:02:00.002162,doc_19,read_phi,phi_rec_140,diagnosis,evt_benign_80
2025-08-05T14:52:50.367385,doc_1,read_phi,phi_rec_172,diagnosis,evt_benign_22
2025-08-05T15:51:44.971097,doc_15,read_phi,phi_rec_5,diagnosis,evt_benign_358
2025-08-06T02:17:03.096789,doc_19,read_phi,phi_rec_173,diagnosis,evt_benign_841
2025-08-06T03:47:49.112049,doc_9,read_phi,phi_rec_198,diagnosis,evt_benign_469
2025-08-06T03:54:26.345870,doc_10,read_phi,phi_rec_186,diagnosis,evt_benign_382
2025-08-06T10:07:40.286433,doc_15,read_phi,phi_rec_90,diagnosis,evt_benign_19
2025-08-06T13:16:31.840256,doc_13,read_phi,phi_rec_127,diagnosis,evt_benign_260
2025-08-06T15:00:50.156700,doc_5,read_phi,phi_rec_84,diagnosis,evt_benign_327
2025-08-07T07:02:08.533943,doc_6,read_phi,phi_rec_154,diagnosis,evt_benign_390
2025-08-07T20:31:29.740691,doc_6,read_phi,phi_rec_85,diagnosis,evt_benign_10
2025-08-07T23:40:31.060672,doc_13,read_phi,phi_rec_127,diagnosis,evt_benign_290
2025-08-08T00:21:02.509503,doc_9,read_phi,phi_rec_75,diagnosis,evt_benign_611
2025-08-08T05:58:20.440273,doc_16,read_phi,phi_rec_61,diagnosis,evt_benign_16
2025-08-08T06:34:45.156400,doc_17,read_phi,phi_rec_134,diagnosis,evt_benign_254
2025-08-08T07:31:57.464469,doc_15,read_phi,phi_rec_5,diagnosis,evt_benign_114
2025-08-08T09:42:34.658620,doc_16,read_phi,phi_rec_101,diagnosis,evt_benign_684
2025-08-08T17:45:16.963420,doc_0,read_phi,phi_rec_193,diagnosis,evt_benign_451
2025-08-09T00:51:21.354941,doc_1,read_phi,phi_rec_183,diagnosis,evt_benign_28
2025-08-09T23:16:36.366234,doc_18,read_phi,phi_rec_116,diagnosis,evt_benign_453
2025-08-09T23:35:16.816589,doc_12,read_phi,phi_rec_0,diagnosis,evt_benign_95
2025-08-10T00:00:00,doc_1,read_phi,phi_rec_25,research,evt_restrict_single
2025-08-10T00:00:00,doc_2,read_phi,phi_rec_152,diagnosis,evt_dur_2
2025-08-10T00:11:52.638874,doc_18,read_phi,phi_rec_52,diagnosis,evt_benign_348
2025-08-10T08:30:00.887691,doc_2,read_phi,phi_rec_111,diagnosis,evt_benign_148
2025-08-10T12:51:01.335684,doc_15,read_phi,phi_rec_90,diagnosis,evt_benign_767
2025-08-10T13:07:44.875470,doc_11,read_phi,phi_rec_110,diagnosis,evt_benign_494
2025-08-10T15:28:48.994293,doc_18,read_phi,phi_rec_81,diagnosis,evt_benign_301
2025-08-10T17:09:11.736601,doc_1,read_phi,phi_rec_155,diagnosis,evt_benign_619
2025-08-11T01:19:50.978643,doc_3,read_phi,phi_rec_160,diagnosis,evt_benign_730
2025-08-11T02:00:04.150050,doc_9,read_phi,phi_rec_83,diagnosis,evt_benign_903
2025-08-11T09:56:28.654323,doc_15,read_phi,phi_rec_26,diagnosis,evt_benign_484
2025-08-11T11:06:31.794912,doc_2,read_phi,phi_rec_162,diagnosis,evt_benign_81
2025-08-11T12:50:08.866440,doc_18,read_phi,phi_rec_106,diagnosis,evt_benign_78
2025-08-12T13:31:27.489614,doc_12,read_phi,phi_rec_98,diagnosis,evt_benign_923
2025-08-13T01:43:51.513330,doc_18,read_phi,phi_rec_133,diagnosis,evt_benign_714
2025-08-13T19:30:39.021582,doc_16,read_phi,phi_rec_197,diagnosis,evt_benign_55
2025-08-14T02:41:51.383270,doc_3,read_phi,phi_rec_160,diagnosis,evt_benign_715
2025-08-14T03:19:01.679923,doc_18,read_phi,phi_rec_81,diagnosis,evt_benign_754
2025-08-14T03:55:51.399974,doc_2,read_phi,phi_rec_58,diagnosis,evt_benign_467
2025-08-14T04:55:18.403581,doc_16,read_phi,phi_rec_101,diagnosis,evt_benign_778
2025-08-14T12:24:20.108917,doc_18,read_phi,phi_rec_106,diagnosis,evt_benign_485
2025-08-14T19:25:46.608961,doc_18,read_phi,phi_rec_52,diagnosis,evt_benign_131
2025-08-14T20:12:47.786918,doc_15,read_phi,phi_rec_5,diagnosis,evt_benign_577
2025-08-14T20:20:30.000992,doc_13,read_phi,phi_rec_1,diagnosis,evt_benign_526
2025-08-15T02:54:32.252588,doc_8,read_phi,phi_rec_89,diagnosis,evt_benign_510
2025-08-15T03:55:48.063600,doc_9,read_phi,phi_rec_7,diagnosis,evt_benign_253
2025-08-15T13:09:37.378253,doc_1,read_phi,phi_rec_172,diagnosis,evt_benign_692
2025-08-16T06:00:20.056591,doc_15,read_phi,phi_rec_5,diagnosis,evt_benign_408
2025-08-16T16:37:34.783989,doc_3,read_phi,phi_rec_160,diagnosis,evt_benign_470
2025-08-16T21:48:13.739078,doc_18,read_phi,phi_rec_116,diagnosis,evt_benign_535
2025-08-17T02:34:14.783949,doc_15,read_phi,phi_rec_179,diagnosis,evt_benign_252
2025-08-17T04:54:12.072403,doc_9,read_phi,phi_rec_75,diagnosis,evt_benign_179
2025-08-17T11:00:30.440400,doc_17,read_phi,phi_rec_97,diagnosis,evt_benign_334
2025-08-17T16:37:20.197195,doc_2,read_phi,phi_rec_136,diagnosis,evt_benign_556
2025-08-17T21:26:24.096389,doc_12,read_phi,phi_rec_0,diagnosis,evt_benign_90
2025-08-18T00:21:07.265672,doc_4,read_phi,phi_rec_130,diagnosis,evt_benign_565
2025-08-18T16:54:00.365630,doc_2,read_phi,phi_rec_92,diagnosis,evt_benign_175
2025-08-18T18:02:12.816150,doc_16,read_phi,phi_rec_197,diagnosis,evt_benign_852
2025-08-19T02:05:13.366688,doc_3,read_phi,phi_rec_146,diagnosis,evt_benign_713
2025-08-19T12:12:46.541192,doc_17,read_phi,phi_rec_34,diagnosis,evt_benign_712
2025-08-19T21:55:38.728588,doc_9,read_phi,phi_rec_75,diagnosis,evt_benign_527
2025-08-20T00:00:00,doc_2,read_phi,phi_rec_151,diagnosis,evt_dur_1
2025-08-20T00:00:00,doc_0,read_phi,phi_rec_50,diagnosis,evt_auth_single
2025-08-20T03:50:53.070694,doc_18,read_phi,phi_rec_52,diagnosis,evt_benign_520
2025-08-20T14:36:17.729661,doc_1,read_phi,phi_rec_39,diagnosis,evt_benign_126
2025-08-20T18:25:22.620206,doc_19,read_phi,phi_rec_148,diagnosis,evt_benign_865
2025-08-20T21:36:37.951115,doc_12,read_phi,phi_rec_175,diagnosis,evt_benign_495
2025-08-20T23:29:03.924474,doc_2,read_phi,phi_rec_59,diagnosis,evt_benign_357
2025-08-21T06:50:31.739685,doc_9,read_phi,phi_rec_66,diagnosis,evt_benign_62
2025-08-21T22:20:50.649148,doc_1,read_phi,phi_rec_172,diagnosis,evt_benign_522
2025-08-21T22:31:07.878726,doc_19,read_phi,phi_rec_45,diagnosis,evt_benign_151
2025-08-21T22:51:04.432270,doc_12,read_phi,phi_rec_79,diagnosis,evt_benign_29
2025-08-22T04:15:10.107641,doc_18,read_phi,phi_rec_106,diagnosis,evt_benign_49
2025-08-22T10:22:20.652494,doc_16,read_phi,phi_rec_61,diagnosis,evt_benign_380
2025-08-22T22:23:19.639545,doc_1,read_phi,phi_rec_95,diagnosis,evt_benign_728
2025-08-23T06:35:14.371645,doc_15,read_phi,phi_rec_109,diagnosis,evt_benign_885
2025-08-23T19:29:13.913780,doc_15,read_phi,phi_rec_90,diagnosis,evt_benign_503
2025-08-23T20:51:29.002459,doc_17,read_phi,phi_rec_134,diagnosis,evt_benign_304
2025-08-24T03:46:33.800240,doc_10,read_phi,phi_rec_112,diagnosis,evt_benign_826
2025-08-24T06:30:40.258952,doc_6,read_phi,phi_rec_51,diagnosis,evt_benign_293
2025-08-24T19:43:54.625070,doc_3,read_phi,phi_rec_114,diagnosis,evt_benign_233
2025-08-24T21:55:08.751768,doc_14,read_phi,phi_rec_36,diagnosis,evt_benign_760
2025-08-25T00:00:00,doc_1,read_phi,phi_rec_100,diagnosis,evt_vol_0
2025-08-25T00:01:00,doc_1,read_phi,phi_rec_101,diagnosis,evt_vol_1
2025-08-25T00:02:00,doc_1,read_phi,phi_rec_102,diagnosis,evt_vol_2
2025-08-25T00:03:00,doc_1,read_phi,phi_rec_103,diagnosis,evt_vol_3
2025-08-25T00:04:00,doc_1,read_phi,phi_rec_104,diagnosis,evt_vol_4
2025-08-25T00:05:00,doc_1,read_phi,phi_rec_105,diagnosis,evt_vol_5
2025-08-25T00:06:00,doc_1,read_phi,phi_rec_106,diagnosis,evt_vol_6
2025-08-25T00:07:00,doc_1,read_phi,phi_rec_107,diagnosis,evt_vol_7
2025-08-25T00:08:00,doc_1,read_phi,phi_rec_108,diagnosis,evt_vol_8
2025-08-25T00:09:00,doc_1,read_phi,phi_rec_109,diagnosis,evt_vol_9
2025-08-25T00:10:00,doc_1,read_phi,phi_rec_110,diagnosis,evt_vol_10
2025-08-25T00:11:00,doc_1,read_phi,phi_rec_111,diagnosis,evt_vol_11
2025-08-25T00:12:00,doc_1,read_phi,phi_rec_112,diagnosis,evt_vol_12
2025-08-25T00:13:00,doc_1,read_phi,phi_rec_113,diagnosis,evt_vol_13
2025-08-25T00:14:00,doc_1,read_phi,phi_rec_114,diagnosis,evt_vol_14
2025-08-25T00:15:00,doc_1,read_phi,phi_rec_115,diagnosis,evt_vol_15
2025-08-25T00:16:00,doc_1,read_phi,phi_rec_116,diagnosis,evt_vol_16
2025-08-25T00:17:00,doc_1,read_phi,phi_rec_117,diagnosis,evt_vol_17
2025-08-25T00:18:00,doc_1,read_phi,phi_rec_118,diagnosis,evt_vol_18
2025-08-25T00:19:00,doc_1,read_phi,phi_rec_119,diagnosis,evt_vol_19
2025-08-25T00:20:00,doc_1,read_phi,phi_rec_120,diagnosis,evt_vol_20
2025-08-25T00:21:00,doc_1,read_phi,phi_rec_121,diagnosis,evt_vol_21
2025-08-25T00:22:00,doc_1,read_phi,phi_rec_122,diagnosis,evt_vol_22
2025-08-25T00:23:00,doc_1,read_phi,phi_rec_123,diagnosis,evt_vol_23
2025-08-25T00:24:00,doc_1,read_phi,phi_rec_124,diagnosis,evt_vol_24
2025-08-25T00:25:00,doc_1,read_phi,phi_rec_125,diagnosis,evt_vol_25
2025-08-25T00:26:00,doc_1,read_phi,phi_rec_126,diagnosis,evt_vol_26
2025-08-25T00:27:00,doc_1,read_phi,phi_rec_127,diagnosis,evt_vol_27
2025-08-25T00:28:00,doc_1,read_phi,phi_rec_128,diagnosis,evt_vol_28
2025-08-25T00:29:00,doc_1,read_phi,phi_rec_129,diagnosis,evt_vol_29
2025-08-25T00:30:00,doc_1,read_phi,phi_rec_130,diagnosis,evt_vol_30
2025-08-25T00:31:00,doc_1,read_phi,phi_rec_131,diagnosis,evt_vol_31
2025-08-25T00:32:00,doc_1,read_phi,phi_rec_132,diagnosis,evt_vol_32
2025-08-25T00:33:00,doc_1,read_phi,phi_rec_133,diagnosis,evt_vol_33
2025-08-25T00:34:00,doc_1,read_phi,phi_rec_134,diagnosis,evt_vol_34
2025-08-25T00:35:00,doc_1,read_phi,phi_rec_135,diagnosis,evt_vol_35
2025-08-25T00:36:00,doc_1,read_phi,phi_rec_136,diagnosis,evt_vol_36
2025-08-25T00:37:00,doc_1,read_phi,phi_rec_137,diagnosis,evt_vol_37
2025-08-25T00:38:00,doc_1,read_phi,phi_rec_138,diagnosis,evt_vol_38
2025-08-25T00:39:00,doc_1,read_phi,phi_rec_139,diagnosis,evt_vol_39
2025-08-25T00:40:00,doc_1,read_phi,phi_rec_140,diagnosis,evt_vol_40
2025-08-25T00:41:00,doc_1,read_phi,phi_rec_141,diagnosis,evt_vol_41
2025-08-25T00:42:00,doc_1,read_phi,phi_rec_142,diagnosis,evt_vol_42
2025-08-25T00:43:00,doc_1,read_phi,phi_rec_143,diagnosis,evt_vol_43
2025-08-25T00:44:00,doc_1,read_phi,phi_rec_144,diagnosis,evt_vol_44
2025-08-25T00:45:00,doc_1,read_phi,phi_rec_145,diagnosis,evt_vol_45
2025-08-25T00:46:00,doc_1,read_phi,phi_rec_146,diagnosis,evt_vol_46
2025-08-25T00:47:00,doc_1,read_phi,phi_rec_147,diagnosis,evt_vol_47
2025-08-25T00:48:00,doc_1,read_phi,phi_rec_148,diagnosis,evt_vol_48
2025-08-25T00:49:00,doc_1,read_phi,phi_rec_149,diagnosis,evt_vol_49
2025-08-25T07:18:29.906438,doc_9,read_phi,phi_rec_165,diagnosis,evt_benign_123
2025-08-25T15:23:27.533777,doc_8,read_phi,phi_rec_38,diagnosis,evt_benign_275
2025-08-25T20:25:52.296247,doc_13,read_phi,phi_rec_195,diagnosis,evt_benign_17
2025-08-25T21:36:34.537658,doc_15,read_phi,phi_rec_194,diagnosis,evt_benign_342
2025-08-26T03:32:36.791131,doc_7,read_phi,phi_rec_163,diagnosis,evt_benign_599
2025-08-26T19:06:25.436451,doc_3,read_phi,phi_rec_28,diagnosis,evt_benign_425
2025-08-26T19:37:37.255217,doc_10,read_phi,phi_rec_49,diagnosis,evt_benign_893
2025-08-26T19:46:31.589423,doc_9,read_phi,phi_rec_22,diagnosis,evt_benign_219
2025-08-27T03:57:07.560759,doc_10,read_phi,phi_rec_126,diagnosis,evt_benign_143
2025-08-27T05:14:49.891367,doc_3,read_phi,phi_rec_16,diagnosis,evt_benign_319
2025-08-27T06:34:56.344417,doc_1,read_phi,phi_rec_132,diagnosis,evt_benign_341
2025-08-27T17:14:25.233680,doc_14,read_phi,phi_rec_36,diagnosis,evt_benign_388
2025-08-28T00:00:00,doc_3,read_phi,phi_rec_180,diagnosis,evt_breadth_0
2025-08-28T00:01:00,doc_3,read_phi,phi_rec_181,diagnosis,evt_breadth_1
2025-08-28T00:02:00,doc_3,read_phi,phi_rec_182,diagnosis,evt_breadth_2
2025-08-28T07:13:59.323159,doc_12,read_phi,phi_rec_6,diagnosis,evt_benign_530
2025-08-29T02:21:19.234156,doc_0,read_phi,phi_rec_193,diagnosis,evt_benign_94
2025-08-29T20:38:50.492723,doc_3,read_phi,phi_rec_160,diagnosis,evt_benign_215
2025-08-29T22:10:43.558813,doc_15,read_phi,phi_rec_194,diagnosis,evt_benign_666
2025-08-30T00:00:00,doc_2,read_phi,phi_rec_150,diagnosis,evt_dur_0
